1,aligned-11-16/80s4/050.png
1,aligned-11-16/80s4/048.png
1,aligned-11-16/80s4/066.png
1,aligned-11-16/80s4/087.png
1,aligned-11-16/80s4/051.png
1,aligned-11-16/80s4/069.png
1,aligned-11-16/80s4/086.png
1,aligned-11-16/80s4/076.png
1,aligned-11-16/80s4/090.png
1,aligned-11-16/80s4/091.png
1,aligned-11-16/80s4/041.png
1,aligned-11-16/80s4/073.png
1,aligned-11-16/80s4/026.png
1,aligned-11-16/80s4/027.png
1,aligned-11-16/80s4/088.png
1,aligned-11-16/80s4/025.png
1,aligned-11-16/80s4/078.png
1,aligned-11-16/80s4/079.png
1,aligned-11-16/80s4/075.png
1,aligned-11-16/80s4/085.png
1,aligned-11-16/80s4/071.png
1,aligned-11-16/80s4/043.png
1,aligned-11-16/80s4/047.png
1,aligned-11-16/80s4/060.png
1,aligned-11-16/80s4/089.png
1,aligned-11-16/80s4/061.png
1,aligned-11-16/80s4/077.png
1,aligned-11-16/80s4/049.png
2,aligned-11-16/80szuoxiaoqing/282.png
2,aligned-11-16/80szuoxiaoqing/050.png
2,aligned-11-16/80szuoxiaoqing/275.png
2,aligned-11-16/80szuoxiaoqing/261.png
2,aligned-11-16/80szuoxiaoqing/245.png
2,aligned-11-16/80szuoxiaoqing/308.png
2,aligned-11-16/80szuoxiaoqing/191.png
2,aligned-11-16/80szuoxiaoqing/151.png
2,aligned-11-16/80szuoxiaoqing/016.png
2,aligned-11-16/80szuoxiaoqing/005.png
2,aligned-11-16/80szuoxiaoqing/062.png
2,aligned-11-16/80szuoxiaoqing/242.png
2,aligned-11-16/80szuoxiaoqing/204.png
2,aligned-11-16/80szuoxiaoqing/194.png
2,aligned-11-16/80szuoxiaoqing/160.png
2,aligned-11-16/80szuoxiaoqing/171.png
2,aligned-11-16/80szuoxiaoqing/285.png
2,aligned-11-16/80szuoxiaoqing/248.png
2,aligned-11-16/80szuoxiaoqing/056.png
2,aligned-11-16/80szuoxiaoqing/065.png
2,aligned-11-16/80szuoxiaoqing/024.png
2,aligned-11-16/80szuoxiaoqing/164.png
2,aligned-11-16/80szuoxiaoqing/007.png
2,aligned-11-16/80szuoxiaoqing/321.png
2,aligned-11-16/80szuoxiaoqing/233.png
2,aligned-11-16/80szuoxiaoqing/162.png
2,aligned-11-16/80szuoxiaoqing/182.png
2,aligned-11-16/80szuoxiaoqing/230.png
2,aligned-11-16/80szuoxiaoqing/274.png
2,aligned-11-16/80szuoxiaoqing/326.png
2,aligned-11-16/80szuoxiaoqing/097.png
2,aligned-11-16/80szuoxiaoqing/001.png
2,aligned-11-16/80szuoxiaoqing/167.png
2,aligned-11-16/80szuoxiaoqing/300.png
2,aligned-11-16/80szuoxiaoqing/022.png
2,aligned-11-16/80szuoxiaoqing/249.png
2,aligned-11-16/80szuoxiaoqing/113.png
2,aligned-11-16/80szuoxiaoqing/120.png
2,aligned-11-16/80szuoxiaoqing/185.png
2,aligned-11-16/80szuoxiaoqing/186.png
2,aligned-11-16/80szuoxiaoqing/184.png
2,aligned-11-16/80szuoxiaoqing/092.png
2,aligned-11-16/80szuoxiaoqing/169.png
2,aligned-11-16/80szuoxiaoqing/262.png
2,aligned-11-16/80szuoxiaoqing/306.png
2,aligned-11-16/80szuoxiaoqing/101.png
2,aligned-11-16/80szuoxiaoqing/298.png
2,aligned-11-16/80szuoxiaoqing/071.png
2,aligned-11-16/80szuoxiaoqing/013.png
2,aligned-11-16/80szuoxiaoqing/288.png
2,aligned-11-16/80szuoxiaoqing/307.png
2,aligned-11-16/80szuoxiaoqing/072.png
2,aligned-11-16/80szuoxiaoqing/254.png
2,aligned-11-16/80szuoxiaoqing/201.png
2,aligned-11-16/80szuoxiaoqing/279.png
2,aligned-11-16/80szuoxiaoqing/094.png
2,aligned-11-16/80szuoxiaoqing/168.png
2,aligned-11-16/80szuoxiaoqing/224.png
2,aligned-11-16/80szuoxiaoqing/264.png
2,aligned-11-16/80szuoxiaoqing/045.png
2,aligned-11-16/80szuoxiaoqing/214.png
2,aligned-11-16/80szuoxiaoqing/044.png
2,aligned-11-16/80szuoxiaoqing/281.png
2,aligned-11-16/80szuoxiaoqing/227.png
2,aligned-11-16/80szuoxiaoqing/200.png
2,aligned-11-16/80szuoxiaoqing/237.png
2,aligned-11-16/80szuoxiaoqing/020.png
2,aligned-11-16/80szuoxiaoqing/089.png
2,aligned-11-16/80szuoxiaoqing/083.png
2,aligned-11-16/80szuoxiaoqing/197.png
2,aligned-11-16/80szuoxiaoqing/258.png
2,aligned-11-16/80szuoxiaoqing/129.png
2,aligned-11-16/80szuoxiaoqing/006.png
2,aligned-11-16/80szuoxiaoqing/052.png
2,aligned-11-16/80szuoxiaoqing/108.png
2,aligned-11-16/80szuoxiaoqing/139.png
2,aligned-11-16/80szuoxiaoqing/316.png
2,aligned-11-16/80szuoxiaoqing/188.png
2,aligned-11-16/80szuoxiaoqing/325.png
2,aligned-11-16/80szuoxiaoqing/268.png
2,aligned-11-16/80szuoxiaoqing/346.png
2,aligned-11-16/80szuoxiaoqing/091.png
2,aligned-11-16/80szuoxiaoqing/229.png
2,aligned-11-16/80szuoxiaoqing/180.png
2,aligned-11-16/80szuoxiaoqing/339.png
2,aligned-11-16/80szuoxiaoqing/269.png
2,aligned-11-16/80szuoxiaoqing/073.png
2,aligned-11-16/80szuoxiaoqing/341.png
2,aligned-11-16/80szuoxiaoqing/142.png
2,aligned-11-16/80szuoxiaoqing/106.png
2,aligned-11-16/80szuoxiaoqing/178.png
2,aligned-11-16/80szuoxiaoqing/220.png
2,aligned-11-16/80szuoxiaoqing/115.png
2,aligned-11-16/80szuoxiaoqing/084.png
2,aligned-11-16/80szuoxiaoqing/132.png
2,aligned-11-16/80szuoxiaoqing/068.png
2,aligned-11-16/80szuoxiaoqing/342.png
2,aligned-11-16/80szuoxiaoqing/131.png
2,aligned-11-16/80szuoxiaoqing/003.png
2,aligned-11-16/80szuoxiaoqing/312.png
2,aligned-11-16/80szuoxiaoqing/317.png
2,aligned-11-16/80szuoxiaoqing/334.png
2,aligned-11-16/80szuoxiaoqing/318.png
2,aligned-11-16/80szuoxiaoqing/152.png
2,aligned-11-16/80szuoxiaoqing/093.png
2,aligned-11-16/80szuoxiaoqing/154.png
2,aligned-11-16/80szuoxiaoqing/085.png
2,aligned-11-16/80szuoxiaoqing/159.png
2,aligned-11-16/80szuoxiaoqing/289.png
2,aligned-11-16/80szuoxiaoqing/189.png
2,aligned-11-16/80szuoxiaoqing/099.png
2,aligned-11-16/80szuoxiaoqing/313.png
2,aligned-11-16/80szuoxiaoqing/286.png
2,aligned-11-16/80szuoxiaoqing/112.png
2,aligned-11-16/80szuoxiaoqing/295.png
2,aligned-11-16/80szuoxiaoqing/098.png
2,aligned-11-16/80szuoxiaoqing/255.png
2,aligned-11-16/80szuoxiaoqing/301.png
2,aligned-11-16/80szuoxiaoqing/297.png
2,aligned-11-16/80szuoxiaoqing/114.png
2,aligned-11-16/80szuoxiaoqing/231.png
2,aligned-11-16/80szuoxiaoqing/211.png
2,aligned-11-16/80szuoxiaoqing/123.png
2,aligned-11-16/80szuoxiaoqing/076.png
2,aligned-11-16/80szuoxiaoqing/145.png
2,aligned-11-16/80szuoxiaoqing/049.png
2,aligned-11-16/80szuoxiaoqing/219.png
2,aligned-11-16/80szuoxiaoqing/260.png
2,aligned-11-16/80szuoxiaoqing/294.png
2,aligned-11-16/80szuoxiaoqing/150.png
2,aligned-11-16/80szuoxiaoqing/018.png
2,aligned-11-16/80szuoxiaoqing/263.png
2,aligned-11-16/80szuoxiaoqing/225.png
2,aligned-11-16/80szuoxiaoqing/077.png
2,aligned-11-16/80szuoxiaoqing/202.png
2,aligned-11-16/80szuoxiaoqing/291.png
2,aligned-11-16/80szuoxiaoqing/017.png
2,aligned-11-16/80szuoxiaoqing/181.png
2,aligned-11-16/80szuoxiaoqing/111.png
2,aligned-11-16/80szuoxiaoqing/109.png
2,aligned-11-16/80szuoxiaoqing/228.png
2,aligned-11-16/80szuoxiaoqing/100.png
2,aligned-11-16/80szuoxiaoqing/179.png
2,aligned-11-16/80szuoxiaoqing/344.png
2,aligned-11-16/80szuoxiaoqing/190.png
2,aligned-11-16/80szuoxiaoqing/302.png
2,aligned-11-16/80szuoxiaoqing/175.png
2,aligned-11-16/80szuoxiaoqing/088.png
2,aligned-11-16/80szuoxiaoqing/284.png
2,aligned-11-16/80szuoxiaoqing/324.png
2,aligned-11-16/80szuoxiaoqing/149.png
2,aligned-11-16/80szuoxiaoqing/140.png
2,aligned-11-16/80szuoxiaoqing/293.png
2,aligned-11-16/80szuoxiaoqing/267.png
2,aligned-11-16/80szuoxiaoqing/008.png
2,aligned-11-16/80szuoxiaoqing/069.png
2,aligned-11-16/80szuoxiaoqing/226.png
2,aligned-11-16/80szuoxiaoqing/070.png
2,aligned-11-16/80szuoxiaoqing/276.png
2,aligned-11-16/80szuoxiaoqing/025.png
2,aligned-11-16/80szuoxiaoqing/283.png
2,aligned-11-16/80szuoxiaoqing/086.png
2,aligned-11-16/80szuoxiaoqing/187.png
2,aligned-11-16/80szuoxiaoqing/199.png
2,aligned-11-16/80szuoxiaoqing/170.png
2,aligned-11-16/80szuoxiaoqing/198.png
2,aligned-11-16/80szuoxiaoqing/244.png
2,aligned-11-16/80szuoxiaoqing/257.png
2,aligned-11-16/80szuoxiaoqing/116.png
2,aligned-11-16/80szuoxiaoqing/323.png
2,aligned-11-16/80szuoxiaoqing/012.png
2,aligned-11-16/80szuoxiaoqing/053.png
2,aligned-11-16/80szuoxiaoqing/348.png
2,aligned-11-16/80szuoxiaoqing/060.png
2,aligned-11-16/80szuoxiaoqing/347.png
2,aligned-11-16/80szuoxiaoqing/124.png
2,aligned-11-16/80szuoxiaoqing/235.png
2,aligned-11-16/80szuoxiaoqing/014.png
2,aligned-11-16/80szuoxiaoqing/102.png
2,aligned-11-16/80szuoxiaoqing/118.png
2,aligned-11-16/80szuoxiaoqing/110.png
2,aligned-11-16/80szuoxiaoqing/299.png
2,aligned-11-16/80szuoxiaoqing/345.png
2,aligned-11-16/80szuoxiaoqing/240.png
2,aligned-11-16/80szuoxiaoqing/055.png
2,aligned-11-16/80szuoxiaoqing/058.png
2,aligned-11-16/80szuoxiaoqing/087.png
2,aligned-11-16/80szuoxiaoqing/080.png
2,aligned-11-16/80szuoxiaoqing/177.png
2,aligned-11-16/80szuoxiaoqing/329.png
2,aligned-11-16/80szuoxiaoqing/287.png
2,aligned-11-16/80szuoxiaoqing/059.png
2,aligned-11-16/80szuoxiaoqing/075.png
2,aligned-11-16/80szuoxiaoqing/241.png
2,aligned-11-16/80szuoxiaoqing/335.png
2,aligned-11-16/80szuoxiaoqing/322.png
2,aligned-11-16/80szuoxiaoqing/296.png
2,aligned-11-16/80szuoxiaoqing/066.png
2,aligned-11-16/80szuoxiaoqing/146.png
2,aligned-11-16/80szuoxiaoqing/195.png
2,aligned-11-16/80szuoxiaoqing/137.png
2,aligned-11-16/80szuoxiaoqing/259.png
2,aligned-11-16/80szuoxiaoqing/081.png
2,aligned-11-16/80szuoxiaoqing/107.png
2,aligned-11-16/80szuoxiaoqing/304.png
2,aligned-11-16/80szuoxiaoqing/122.png
2,aligned-11-16/80szuoxiaoqing/119.png
2,aligned-11-16/80szuoxiaoqing/103.png
2,aligned-11-16/80szuoxiaoqing/314.png
2,aligned-11-16/80szuoxiaoqing/090.png
2,aligned-11-16/80szuoxiaoqing/029.png
2,aligned-11-16/80szuoxiaoqing/079.png
2,aligned-11-16/80szuoxiaoqing/174.png
2,aligned-11-16/80szuoxiaoqing/147.png
2,aligned-11-16/80szuoxiaoqing/104.png
2,aligned-11-16/80szuoxiaoqing/247.png
2,aligned-11-16/80szuoxiaoqing/176.png
2,aligned-11-16/80szuoxiaoqing/192.png
2,aligned-11-16/80szuoxiaoqing/266.png
2,aligned-11-16/80szuoxiaoqing/043.png
2,aligned-11-16/80szuoxiaoqing/064.png
2,aligned-11-16/80szuoxiaoqing/127.png
2,aligned-11-16/80szuoxiaoqing/117.png
2,aligned-11-16/80szuoxiaoqing/166.png
2,aligned-11-16/80szuoxiaoqing/156.png
2,aligned-11-16/80szuoxiaoqing/051.png
2,aligned-11-16/80szuoxiaoqing/277.png
2,aligned-11-16/80szuoxiaoqing/246.png
2,aligned-11-16/80szuoxiaoqing/250.png
2,aligned-11-16/80szuoxiaoqing/253.png
2,aligned-11-16/80szuoxiaoqing/173.png
2,aligned-11-16/80szuoxiaoqing/243.png
2,aligned-11-16/80szuoxiaoqing/331.png
2,aligned-11-16/80szuoxiaoqing/343.png
2,aligned-11-16/80szuoxiaoqing/054.png
2,aligned-11-16/80szuoxiaoqing/172.png
2,aligned-11-16/80szuoxiaoqing/141.png
2,aligned-11-16/80szuoxiaoqing/155.png
2,aligned-11-16/80szuoxiaoqing/004.png
2,aligned-11-16/80szuoxiaoqing/121.png
2,aligned-11-16/80szuoxiaoqing/082.png
2,aligned-11-16/80szuoxiaoqing/350.png
2,aligned-11-16/80szuoxiaoqing/039.png
2,aligned-11-16/80szuoxiaoqing/196.png
2,aligned-11-16/80szuoxiaoqing/290.png
2,aligned-11-16/80szuoxiaoqing/021.png
2,aligned-11-16/80szuoxiaoqing/023.png
2,aligned-11-16/80szuoxiaoqing/125.png
2,aligned-11-16/80szuoxiaoqing/251.png
2,aligned-11-16/80szuoxiaoqing/105.png
2,aligned-11-16/80szuoxiaoqing/143.png
2,aligned-11-16/80szuoxiaoqing/193.png
2,aligned-11-16/80szuoxiaoqing/273.png
2,aligned-11-16/80szuoxiaoqing/067.png
2,aligned-11-16/80szuoxiaoqing/126.png
2,aligned-11-16/80szuoxiaoqing/057.png
2,aligned-11-16/80szuoxiaoqing/157.png
2,aligned-11-16/80szuoxiaoqing/265.png
2,aligned-11-16/80szuoxiaoqing/332.png
2,aligned-11-16/80szuoxiaoqing/320.png
2,aligned-11-16/80szuoxiaoqing/133.png
2,aligned-11-16/80szuoxiaoqing/278.png
2,aligned-11-16/80szuoxiaoqing/011.png
2,aligned-11-16/80szuoxiaoqing/315.png
2,aligned-11-16/80szuoxiaoqing/232.png
2,aligned-11-16/80szuoxiaoqing/239.png
2,aligned-11-16/80szuoxiaoqing/009.png
2,aligned-11-16/80szuoxiaoqing/138.png
2,aligned-11-16/80szuoxiaoqing/337.png
2,aligned-11-16/80szuoxiaoqing/349.png
2,aligned-11-16/80szuoxiaoqing/272.png
2,aligned-11-16/80szuoxiaoqing/036.png
2,aligned-11-16/80szuoxiaoqing/026.png
2,aligned-11-16/80szuoxiaoqing/061.png
2,aligned-11-16/80szuoxiaoqing/010.png
2,aligned-11-16/80szuoxiaoqing/019.png
2,aligned-11-16/80szuoxiaoqing/234.png
2,aligned-11-16/80szuoxiaoqing/015.png
2,aligned-11-16/80szuoxiaoqing/002.png
2,aligned-11-16/80szuoxiaoqing/327.png
2,aligned-11-16/80szuoxiaoqing/280.png
2,aligned-11-16/80szuoxiaoqing/074.png
2,aligned-11-16/80szuoxiaoqing/218.png
2,aligned-11-16/80szuoxiaoqing/236.png
2,aligned-11-16/80szuoxiaoqing/144.png
2,aligned-11-16/80szuoxiaoqing/292.png
2,aligned-11-16/80szuoxiaoqing/319.png
2,aligned-11-16/80szuoxiaoqing/078.png
2,aligned-11-16/80szuoxiaoqing/256.png
2,aligned-11-16/80szuoxiaoqing/027.png
2,aligned-11-16/80szuoxiaoqing/330.png
2,aligned-11-16/80szuoxiaoqing/252.png
2,aligned-11-16/80szuoxiaoqing/183.png
2,aligned-11-16/80szuoxiaoqing/148.png
3,aligned-11-16/bjbhyh/002.png
3,aligned-11-16/bjbhyh/001.png
3,aligned-11-16/bjbhyh/006.png
3,aligned-11-16/bjbhyh/003.png
3,aligned-11-16/bjbhyh/007.png
4,aligned-11-16/xz6/054.png
4,aligned-11-16/xz6/040.png
4,aligned-11-16/xz6/038.png
4,aligned-11-16/xz6/044.png
4,aligned-11-16/xz6/022.png
4,aligned-11-16/xz6/046.png
4,aligned-11-16/xz6/009.png
4,aligned-11-16/xz6/027.png
4,aligned-11-16/xz6/002.png
4,aligned-11-16/xz6/049.png
4,aligned-11-16/xz6/031.png
4,aligned-11-16/xz6/064.png
4,aligned-11-16/xz6/013.png
4,aligned-11-16/xz6/058.png
4,aligned-11-16/xz6/032.png
4,aligned-11-16/xz6/041.png
4,aligned-11-16/xz6/033.png
4,aligned-11-16/xz6/047.png
4,aligned-11-16/xz6/034.png
4,aligned-11-16/xz6/028.png
4,aligned-11-16/xz6/016.png
4,aligned-11-16/xz6/006.png
4,aligned-11-16/xz6/023.png
4,aligned-11-16/xz6/056.png
4,aligned-11-16/xz6/030.png
4,aligned-11-16/xz6/060.png
4,aligned-11-16/xz6/001.png
4,aligned-11-16/xz6/051.png
4,aligned-11-16/xz6/025.png
4,aligned-11-16/xz6/035.png
4,aligned-11-16/xz6/012.png
4,aligned-11-16/xz6/052.png
4,aligned-11-16/xz6/005.png
4,aligned-11-16/xz6/014.png
4,aligned-11-16/xz6/026.png
4,aligned-11-16/xz6/018.png
4,aligned-11-16/xz6/024.png
4,aligned-11-16/xz6/042.png
4,aligned-11-16/xz6/061.png
4,aligned-11-16/xz6/059.png
4,aligned-11-16/xz6/036.png
4,aligned-11-16/xz6/017.png
4,aligned-11-16/xz6/063.png
4,aligned-11-16/xz6/050.png
4,aligned-11-16/xz6/010.png
4,aligned-11-16/xz6/062.png
4,aligned-11-16/xz6/053.png
4,aligned-11-16/xz6/003.png
4,aligned-11-16/xz6/029.png
4,aligned-11-16/xz6/043.png
4,aligned-11-16/xz6/055.png
4,aligned-11-16/xz6/045.png
4,aligned-11-16/xz6/057.png
4,aligned-11-16/xz6/015.png
4,aligned-11-16/xz6/011.png
4,aligned-11-16/xz6/048.png
5,aligned-11-16/80sxiayu/039.png
5,aligned-11-16/80sxiayu/113.png
5,aligned-11-16/80sxiayu/088.png
5,aligned-11-16/80sxiayu/016.png
5,aligned-11-16/80sxiayu/116.png
5,aligned-11-16/80sxiayu/095.png
5,aligned-11-16/80sxiayu/012.png
5,aligned-11-16/80sxiayu/014.png
5,aligned-11-16/80sxiayu/140.png
5,aligned-11-16/80sxiayu/112.png
5,aligned-11-16/80sxiayu/038.png
5,aligned-11-16/80sxiayu/142.png
5,aligned-11-16/80sxiayu/092.png
5,aligned-11-16/80sxiayu/043.png
5,aligned-11-16/80sxiayu/128.png
5,aligned-11-16/80sxiayu/145.png
5,aligned-11-16/80sxiayu/166.png
5,aligned-11-16/80sxiayu/100.png
5,aligned-11-16/80sxiayu/150.png
5,aligned-11-16/80sxiayu/097.png
5,aligned-11-16/80sxiayu/106.png
5,aligned-11-16/80sxiayu/027.png
5,aligned-11-16/80sxiayu/034.png
5,aligned-11-16/80sxiayu/119.png
5,aligned-11-16/80sxiayu/006.png
5,aligned-11-16/80sxiayu/165.png
5,aligned-11-16/80sxiayu/023.png
5,aligned-11-16/80sxiayu/164.png
5,aligned-11-16/80sxiayu/019.png
5,aligned-11-16/80sxiayu/030.png
5,aligned-11-16/80sxiayu/126.png
5,aligned-11-16/80sxiayu/003.png
5,aligned-11-16/80sxiayu/146.png
5,aligned-11-16/80sxiayu/022.png
5,aligned-11-16/80sxiayu/050.png
5,aligned-11-16/80sxiayu/079.png
5,aligned-11-16/80sxiayu/094.png
5,aligned-11-16/80sxiayu/103.png
5,aligned-11-16/80sxiayu/120.png
5,aligned-11-16/80sxiayu/108.png
5,aligned-11-16/80sxiayu/124.png
5,aligned-11-16/80sxiayu/130.png
5,aligned-11-16/80sxiayu/105.png
5,aligned-11-16/80sxiayu/063.png
5,aligned-11-16/80sxiayu/086.png
5,aligned-11-16/80sxiayu/009.png
5,aligned-11-16/80sxiayu/161.png
5,aligned-11-16/80sxiayu/118.png
5,aligned-11-16/80sxiayu/156.png
5,aligned-11-16/80sxiayu/001.png
5,aligned-11-16/80sxiayu/107.png
5,aligned-11-16/80sxiayu/090.png
5,aligned-11-16/80sxiayu/115.png
5,aligned-11-16/80sxiayu/011.png
5,aligned-11-16/80sxiayu/005.png
5,aligned-11-16/80sxiayu/082.png
5,aligned-11-16/80sxiayu/015.png
5,aligned-11-16/80sxiayu/024.png
5,aligned-11-16/80sxiayu/049.png
5,aligned-11-16/80sxiayu/139.png
5,aligned-11-16/80sxiayu/070.png
5,aligned-11-16/80sxiayu/032.png
5,aligned-11-16/80sxiayu/087.png
5,aligned-11-16/80sxiayu/160.png
5,aligned-11-16/80sxiayu/093.png
5,aligned-11-16/80sxiayu/159.png
5,aligned-11-16/80sxiayu/083.png
5,aligned-11-16/80sxiayu/080.png
5,aligned-11-16/80sxiayu/060.png
5,aligned-11-16/80sxiayu/035.png
5,aligned-11-16/80sxiayu/131.png
5,aligned-11-16/80sxiayu/008.png
5,aligned-11-16/80sxiayu/163.png
5,aligned-11-16/80sxiayu/058.png
5,aligned-11-16/80sxiayu/051.png
5,aligned-11-16/80sxiayu/031.png
5,aligned-11-16/80sxiayu/056.png
5,aligned-11-16/80sxiayu/111.png
5,aligned-11-16/80sxiayu/137.png
5,aligned-11-16/80sxiayu/059.png
5,aligned-11-16/80sxiayu/089.png
5,aligned-11-16/80sxiayu/132.png
5,aligned-11-16/80sxiayu/033.png
5,aligned-11-16/80sxiayu/101.png
5,aligned-11-16/80sxiayu/037.png
5,aligned-11-16/80sxiayu/025.png
5,aligned-11-16/80sxiayu/114.png
5,aligned-11-16/80sxiayu/104.png
5,aligned-11-16/80sxiayu/061.png
5,aligned-11-16/80sxiayu/117.png
5,aligned-11-16/80sxiayu/151.png
5,aligned-11-16/80sxiayu/144.png
5,aligned-11-16/80sxiayu/036.png
5,aligned-11-16/80sxiayu/078.png
5,aligned-11-16/80sxiayu/047.png
5,aligned-11-16/80sxiayu/013.png
5,aligned-11-16/80sxiayu/141.png
5,aligned-11-16/80sxiayu/007.png
5,aligned-11-16/80sxiayu/075.png
5,aligned-11-16/80sxiayu/096.png
5,aligned-11-16/80sxiayu/020.png
5,aligned-11-16/80sxiayu/065.png
5,aligned-11-16/80sxiayu/026.png
5,aligned-11-16/80sxiayu/084.png
5,aligned-11-16/80sxiayu/064.png
5,aligned-11-16/80sxiayu/045.png
5,aligned-11-16/80sxiayu/002.png
5,aligned-11-16/80sxiayu/069.png
6,aligned-11-16/bjb1/029.png
6,aligned-11-16/bjb1/060.png
6,aligned-11-16/bjb1/031.png
6,aligned-11-16/bjb1/032.png
6,aligned-11-16/bjb1/006.png
6,aligned-11-16/bjb1/053.png
6,aligned-11-16/bjb1/030.png
6,aligned-11-16/bjb1/059.png
6,aligned-11-16/bjb1/033.png
6,aligned-11-16/bjb1/005.png
6,aligned-11-16/bjb1/009.png
6,aligned-11-16/bjb1/003.png
6,aligned-11-16/bjb1/050.png
6,aligned-11-16/bjb1/012.png
6,aligned-11-16/bjb1/004.png
6,aligned-11-16/bjb1/057.png
6,aligned-11-16/bjb1/071.png
6,aligned-11-16/bjb1/062.png
6,aligned-11-16/bjb1/058.png
6,aligned-11-16/bjb1/054.png
6,aligned-11-16/bjb1/028.png
6,aligned-11-16/bjb1/061.png
6,aligned-11-16/bjb1/008.png
6,aligned-11-16/bjb1/063.png
6,aligned-11-16/bjb1/011.png
6,aligned-11-16/bjb1/044.png
6,aligned-11-16/bjb1/002.png
6,aligned-11-16/bjb1/045.png
6,aligned-11-16/bjb1/034.png
6,aligned-11-16/bjb1/072.png
6,aligned-11-16/bjb1/064.png
6,aligned-11-16/bjb1/051.png
6,aligned-11-16/bjb1/066.png
6,aligned-11-16/bjb1/010.png
6,aligned-11-16/bjb1/007.png
6,aligned-11-16/bjb1/065.png
7,aligned-11-16/80s5/042.png
7,aligned-11-16/80s5/046.png
7,aligned-11-16/80s5/043.png
8,aligned-11-16/80sqihuan/095.png
8,aligned-11-16/80sqihuan/145.png
8,aligned-11-16/80sqihuan/098.png
8,aligned-11-16/80sqihuan/138.png
8,aligned-11-16/80sqihuan/018.png
8,aligned-11-16/80sqihuan/029.png
8,aligned-11-16/80sqihuan/041.png
8,aligned-11-16/80sqihuan/054.png
8,aligned-11-16/80sqihuan/062.png
8,aligned-11-16/80sqihuan/099.png
8,aligned-11-16/80sqihuan/021.png
8,aligned-11-16/80sqihuan/093.png
8,aligned-11-16/80sqihuan/005.png
8,aligned-11-16/80sqihuan/052.png
8,aligned-11-16/80sqihuan/125.png
8,aligned-11-16/80sqihuan/133.png
8,aligned-11-16/80sqihuan/059.png
8,aligned-11-16/80sqihuan/028.png
8,aligned-11-16/80sqihuan/078.png
8,aligned-11-16/80sqihuan/123.png
8,aligned-11-16/80sqihuan/040.png
8,aligned-11-16/80sqihuan/077.png
8,aligned-11-16/80sqihuan/009.png
8,aligned-11-16/80sqihuan/085.png
8,aligned-11-16/80sqihuan/141.png
8,aligned-11-16/80sqihuan/014.png
8,aligned-11-16/80sqihuan/086.png
8,aligned-11-16/80sqihuan/049.png
8,aligned-11-16/80sqihuan/119.png
8,aligned-11-16/80sqihuan/090.png
8,aligned-11-16/80sqihuan/017.png
8,aligned-11-16/80sqihuan/146.png
8,aligned-11-16/80sqihuan/050.png
8,aligned-11-16/80sqihuan/127.png
8,aligned-11-16/80sqihuan/121.png
8,aligned-11-16/80sqihuan/047.png
8,aligned-11-16/80sqihuan/115.png
8,aligned-11-16/80sqihuan/080.png
8,aligned-11-16/80sqihuan/004.png
8,aligned-11-16/80sqihuan/003.png
8,aligned-11-16/80sqihuan/013.png
8,aligned-11-16/80sqihuan/060.png
8,aligned-11-16/80sqihuan/010.png
8,aligned-11-16/80sqihuan/164.png
8,aligned-11-16/80sqihuan/057.png
8,aligned-11-16/80sqihuan/144.png
8,aligned-11-16/80sqihuan/051.png
8,aligned-11-16/80sqihuan/027.png
8,aligned-11-16/80sqihuan/076.png
8,aligned-11-16/80sqihuan/139.png
8,aligned-11-16/80sqihuan/143.png
8,aligned-11-16/80sqihuan/024.png
8,aligned-11-16/80sqihuan/168.png
8,aligned-11-16/80sqihuan/140.png
8,aligned-11-16/80sqihuan/055.png
8,aligned-11-16/80sqihuan/122.png
8,aligned-11-16/80sqihuan/063.png
8,aligned-11-16/80sqihuan/107.png
8,aligned-11-16/80sqihuan/001.png
8,aligned-11-16/80sqihuan/117.png
8,aligned-11-16/80sqihuan/012.png
8,aligned-11-16/80sqihuan/083.png
8,aligned-11-16/80sqihuan/154.png
8,aligned-11-16/80sqihuan/015.png
8,aligned-11-16/80sqihuan/016.png
8,aligned-11-16/80sqihuan/053.png
8,aligned-11-16/80sqihuan/061.png
8,aligned-11-16/80sqihuan/166.png
8,aligned-11-16/80sqihuan/058.png
8,aligned-11-16/80sqihuan/039.png
8,aligned-11-16/80sqihuan/152.png
8,aligned-11-16/80sqihuan/056.png
8,aligned-11-16/80sqihuan/132.png
8,aligned-11-16/80sqihuan/100.png
8,aligned-11-16/80sqihuan/165.png
8,aligned-11-16/80sqihuan/142.png
8,aligned-11-16/80sqihuan/097.png
8,aligned-11-16/80sqihuan/064.png
8,aligned-11-16/80sqihuan/046.png
8,aligned-11-16/80sqihuan/065.png
8,aligned-11-16/80sqihuan/048.png
8,aligned-11-16/80sqihuan/155.png
8,aligned-11-16/80sqihuan/147.png
8,aligned-11-16/80sqihuan/025.png
8,aligned-11-16/80sqihuan/096.png
8,aligned-11-16/80sqihuan/162.png
8,aligned-11-16/80sqihuan/091.png
8,aligned-11-16/80sqihuan/042.png
8,aligned-11-16/80sqihuan/023.png
8,aligned-11-16/80sqihuan/020.png
8,aligned-11-16/80sqihuan/114.png
8,aligned-11-16/80sqihuan/161.png
8,aligned-11-16/80sqihuan/092.png
8,aligned-11-16/80sqihuan/126.png
8,aligned-11-16/80sqihuan/137.png
8,aligned-11-16/80sqihuan/079.png
8,aligned-11-16/80sqihuan/108.png
8,aligned-11-16/80sqihuan/002.png
8,aligned-11-16/80sqihuan/118.png
8,aligned-11-16/80sqihuan/075.png
8,aligned-11-16/80sqihuan/038.png
8,aligned-11-16/80sqihuan/130.png
8,aligned-11-16/80sqihuan/026.png
8,aligned-11-16/80sqihuan/011.png
8,aligned-11-16/80sqihuan/094.png
8,aligned-11-16/80sqihuan/124.png
8,aligned-11-16/80sqihuan/066.png
8,aligned-11-16/80sqihuan/019.png
8,aligned-11-16/80sqihuan/022.png
8,aligned-11-16/80sqihuan/105.png
9,aligned-11-16/xzldk/453.png
9,aligned-11-16/xzldk/385.png
9,aligned-11-16/xzldk/185.png
9,aligned-11-16/xzldk/046.png
9,aligned-11-16/xzldk/041.png
9,aligned-11-16/xzldk/128.png
9,aligned-11-16/xzldk/287.png
9,aligned-11-16/xzldk/288.png
9,aligned-11-16/xzldk/271.png
9,aligned-11-16/xzldk/357.png
9,aligned-11-16/xzldk/296.png
9,aligned-11-16/xzldk/105.png
9,aligned-11-16/xzldk/416.png
9,aligned-11-16/xzldk/148.png
9,aligned-11-16/xzldk/116.png
9,aligned-11-16/xzldk/175.png
9,aligned-11-16/xzldk/074.png
9,aligned-11-16/xzldk/197.png
9,aligned-11-16/xzldk/065.png
9,aligned-11-16/xzldk/232.png
9,aligned-11-16/xzldk/114.png
9,aligned-11-16/xzldk/298.png
9,aligned-11-16/xzldk/133.png
9,aligned-11-16/xzldk/366.png
9,aligned-11-16/xzldk/356.png
9,aligned-11-16/xzldk/375.png
9,aligned-11-16/xzldk/241.png
9,aligned-11-16/xzldk/106.png
9,aligned-11-16/xzldk/099.png
9,aligned-11-16/xzldk/162.png
9,aligned-11-16/xzldk/262.png
9,aligned-11-16/xzldk/452.png
9,aligned-11-16/xzldk/220.png
9,aligned-11-16/xzldk/051.png
9,aligned-11-16/xzldk/223.png
9,aligned-11-16/xzldk/029.png
9,aligned-11-16/xzldk/154.png
9,aligned-11-16/xzldk/244.png
9,aligned-11-16/xzldk/179.png
9,aligned-11-16/xzldk/270.png
9,aligned-11-16/xzldk/024.png
9,aligned-11-16/xzldk/147.png
9,aligned-11-16/xzldk/026.png
9,aligned-11-16/xzldk/067.png
9,aligned-11-16/xzldk/446.png
9,aligned-11-16/xzldk/203.png
9,aligned-11-16/xzldk/348.png
9,aligned-11-16/xzldk/237.png
9,aligned-11-16/xzldk/278.png
9,aligned-11-16/xzldk/319.png
9,aligned-11-16/xzldk/411.png
9,aligned-11-16/xzldk/177.png
9,aligned-11-16/xzldk/064.png
9,aligned-11-16/xzldk/192.png
9,aligned-11-16/xzldk/077.png
9,aligned-11-16/xzldk/198.png
9,aligned-11-16/xzldk/001.png
9,aligned-11-16/xzldk/205.png
9,aligned-11-16/xzldk/166.png
9,aligned-11-16/xzldk/142.png
9,aligned-11-16/xzldk/060.png
9,aligned-11-16/xzldk/342.png
9,aligned-11-16/xzldk/261.png
9,aligned-11-16/xzldk/338.png
9,aligned-11-16/xzldk/178.png
9,aligned-11-16/xzldk/155.png
9,aligned-11-16/xzldk/377.png
9,aligned-11-16/xzldk/090.png
9,aligned-11-16/xzldk/087.png
9,aligned-11-16/xzldk/248.png
9,aligned-11-16/xzldk/358.png
9,aligned-11-16/xzldk/006.png
9,aligned-11-16/xzldk/334.png
9,aligned-11-16/xzldk/350.png
9,aligned-11-16/xzldk/138.png
9,aligned-11-16/xzldk/063.png
9,aligned-11-16/xzldk/427.png
9,aligned-11-16/xzldk/475.png
9,aligned-11-16/xzldk/388.png
9,aligned-11-16/xzldk/089.png
9,aligned-11-16/xzldk/412.png
9,aligned-11-16/xzldk/048.png
9,aligned-11-16/xzldk/398.png
9,aligned-11-16/xzldk/002.png
9,aligned-11-16/xzldk/274.png
9,aligned-11-16/xzldk/181.png
9,aligned-11-16/xzldk/226.png
9,aligned-11-16/xzldk/103.png
9,aligned-11-16/xzldk/216.png
9,aligned-11-16/xzldk/095.png
9,aligned-11-16/xzldk/285.png
9,aligned-11-16/xzldk/266.png
9,aligned-11-16/xzldk/290.png
9,aligned-11-16/xzldk/088.png
9,aligned-11-16/xzldk/322.png
9,aligned-11-16/xzldk/364.png
9,aligned-11-16/xzldk/146.png
9,aligned-11-16/xzldk/188.png
9,aligned-11-16/xzldk/414.png
9,aligned-11-16/xzldk/092.png
9,aligned-11-16/xzldk/336.png
9,aligned-11-16/xzldk/082.png
9,aligned-11-16/xzldk/136.png
9,aligned-11-16/xzldk/302.png
9,aligned-11-16/xzldk/042.png
9,aligned-11-16/xzldk/234.png
9,aligned-11-16/xzldk/079.png
9,aligned-11-16/xzldk/381.png
9,aligned-11-16/xzldk/135.png
9,aligned-11-16/xzldk/383.png
9,aligned-11-16/xzldk/068.png
9,aligned-11-16/xzldk/191.png
9,aligned-11-16/xzldk/033.png
9,aligned-11-16/xzldk/109.png
9,aligned-11-16/xzldk/339.png
9,aligned-11-16/xzldk/367.png
9,aligned-11-16/xzldk/240.png
9,aligned-11-16/xzldk/303.png
9,aligned-11-16/xzldk/245.png
9,aligned-11-16/xzldk/222.png
9,aligned-11-16/xzldk/456.png
9,aligned-11-16/xzldk/351.png
9,aligned-11-16/xzldk/091.png
9,aligned-11-16/xzldk/466.png
9,aligned-11-16/xzldk/070.png
9,aligned-11-16/xzldk/015.png
9,aligned-11-16/xzldk/478.png
9,aligned-11-16/xzldk/098.png
9,aligned-11-16/xzldk/413.png
9,aligned-11-16/xzldk/239.png
9,aligned-11-16/xzldk/211.png
9,aligned-11-16/xzldk/291.png
9,aligned-11-16/xzldk/056.png
9,aligned-11-16/xzldk/477.png
9,aligned-11-16/xzldk/021.png
9,aligned-11-16/xzldk/081.png
9,aligned-11-16/xzldk/286.png
9,aligned-11-16/xzldk/195.png
9,aligned-11-16/xzldk/269.png
9,aligned-11-16/xzldk/230.png
9,aligned-11-16/xzldk/034.png
9,aligned-11-16/xzldk/219.png
9,aligned-11-16/xzldk/438.png
9,aligned-11-16/xzldk/204.png
9,aligned-11-16/xzldk/201.png
9,aligned-11-16/xzldk/371.png
9,aligned-11-16/xzldk/183.png
9,aligned-11-16/xzldk/301.png
9,aligned-11-16/xzldk/187.png
9,aligned-11-16/xzldk/132.png
9,aligned-11-16/xzldk/243.png
9,aligned-11-16/xzldk/359.png
9,aligned-11-16/xzldk/009.png
9,aligned-11-16/xzldk/418.png
9,aligned-11-16/xzldk/170.png
9,aligned-11-16/xzldk/153.png
9,aligned-11-16/xzldk/406.png
9,aligned-11-16/xzldk/349.png
9,aligned-11-16/xzldk/346.png
9,aligned-11-16/xzldk/384.png
9,aligned-11-16/xzldk/321.png
9,aligned-11-16/xzldk/168.png
9,aligned-11-16/xzldk/436.png
9,aligned-11-16/xzldk/308.png
9,aligned-11-16/xzldk/300.png
9,aligned-11-16/xzldk/139.png
9,aligned-11-16/xzldk/094.png
9,aligned-11-16/xzldk/127.png
9,aligned-11-16/xzldk/428.png
9,aligned-11-16/xzldk/031.png
9,aligned-11-16/xzldk/165.png
9,aligned-11-16/xzldk/078.png
9,aligned-11-16/xzldk/314.png
9,aligned-11-16/xzldk/423.png
9,aligned-11-16/xzldk/335.png
9,aligned-11-16/xzldk/310.png
9,aligned-11-16/xzldk/073.png
9,aligned-11-16/xzldk/022.png
9,aligned-11-16/xzldk/395.png
9,aligned-11-16/xzldk/442.png
9,aligned-11-16/xzldk/457.png
9,aligned-11-16/xzldk/017.png
9,aligned-11-16/xzldk/415.png
9,aligned-11-16/xzldk/347.png
9,aligned-11-16/xzldk/390.png
9,aligned-11-16/xzldk/055.png
9,aligned-11-16/xzldk/086.png
9,aligned-11-16/xzldk/422.png
9,aligned-11-16/xzldk/097.png
9,aligned-11-16/xzldk/007.png
9,aligned-11-16/xzldk/260.png
9,aligned-11-16/xzldk/441.png
9,aligned-11-16/xzldk/328.png
9,aligned-11-16/xzldk/447.png
9,aligned-11-16/xzldk/053.png
9,aligned-11-16/xzldk/444.png
9,aligned-11-16/xzldk/284.png
9,aligned-11-16/xzldk/161.png
9,aligned-11-16/xzldk/032.png
9,aligned-11-16/xzldk/134.png
9,aligned-11-16/xzldk/182.png
9,aligned-11-16/xzldk/404.png
9,aligned-11-16/xzldk/440.png
9,aligned-11-16/xzldk/169.png
9,aligned-11-16/xzldk/025.png
9,aligned-11-16/xzldk/184.png
9,aligned-11-16/xzldk/172.png
9,aligned-11-16/xzldk/345.png
9,aligned-11-16/xzldk/131.png
9,aligned-11-16/xzldk/247.png
9,aligned-11-16/xzldk/389.png
9,aligned-11-16/xzldk/420.png
9,aligned-11-16/xzldk/454.png
9,aligned-11-16/xzldk/037.png
9,aligned-11-16/xzldk/410.png
9,aligned-11-16/xzldk/275.png
9,aligned-11-16/xzldk/295.png
9,aligned-11-16/xzldk/354.png
9,aligned-11-16/xzldk/150.png
9,aligned-11-16/xzldk/123.png
9,aligned-11-16/xzldk/152.png
9,aligned-11-16/xzldk/218.png
9,aligned-11-16/xzldk/304.png
9,aligned-11-16/xzldk/363.png
9,aligned-11-16/xzldk/008.png
9,aligned-11-16/xzldk/235.png
9,aligned-11-16/xzldk/267.png
9,aligned-11-16/xzldk/399.png
9,aligned-11-16/xzldk/118.png
9,aligned-11-16/xzldk/283.png
9,aligned-11-16/xzldk/392.png
9,aligned-11-16/xzldk/207.png
9,aligned-11-16/xzldk/459.png
9,aligned-11-16/xzldk/206.png
9,aligned-11-16/xzldk/115.png
9,aligned-11-16/xzldk/429.png
9,aligned-11-16/xzldk/047.png
9,aligned-11-16/xzldk/369.png
9,aligned-11-16/xzldk/315.png
9,aligned-11-16/xzldk/469.png
9,aligned-11-16/xzldk/141.png
9,aligned-11-16/xzldk/386.png
9,aligned-11-16/xzldk/027.png
9,aligned-11-16/xzldk/173.png
9,aligned-11-16/xzldk/104.png
9,aligned-11-16/xzldk/080.png
9,aligned-11-16/xzldk/016.png
9,aligned-11-16/xzldk/093.png
9,aligned-11-16/xzldk/151.png
9,aligned-11-16/xzldk/430.png
9,aligned-11-16/xzldk/374.png
9,aligned-11-16/xzldk/317.png
9,aligned-11-16/xzldk/408.png
9,aligned-11-16/xzldk/376.png
9,aligned-11-16/xzldk/323.png
9,aligned-11-16/xzldk/313.png
9,aligned-11-16/xzldk/189.png
9,aligned-11-16/xzldk/238.png
9,aligned-11-16/xzldk/470.png
9,aligned-11-16/xzldk/210.png
9,aligned-11-16/xzldk/004.png
9,aligned-11-16/xzldk/160.png
9,aligned-11-16/xzldk/066.png
9,aligned-11-16/xzldk/309.png
9,aligned-11-16/xzldk/196.png
9,aligned-11-16/xzldk/476.png
9,aligned-11-16/xzldk/149.png
9,aligned-11-16/xzldk/190.png
9,aligned-11-16/xzldk/215.png
9,aligned-11-16/xzldk/083.png
9,aligned-11-16/xzldk/076.png
9,aligned-11-16/xzldk/125.png
9,aligned-11-16/xzldk/279.png
9,aligned-11-16/xzldk/145.png
9,aligned-11-16/xzldk/176.png
9,aligned-11-16/xzldk/119.png
9,aligned-11-16/xzldk/426.png
9,aligned-11-16/xzldk/263.png
9,aligned-11-16/xzldk/212.png
9,aligned-11-16/xzldk/294.png
9,aligned-11-16/xzldk/434.png
9,aligned-11-16/xzldk/156.png
9,aligned-11-16/xzldk/059.png
9,aligned-11-16/xzldk/130.png
9,aligned-11-16/xzldk/337.png
9,aligned-11-16/xzldk/061.png
9,aligned-11-16/xzldk/014.png
9,aligned-11-16/xzldk/468.png
9,aligned-11-16/xzldk/325.png
9,aligned-11-16/xzldk/054.png
9,aligned-11-16/xzldk/005.png
9,aligned-11-16/xzldk/158.png
9,aligned-11-16/xzldk/124.png
9,aligned-11-16/xzldk/251.png
9,aligned-11-16/xzldk/272.png
9,aligned-11-16/xzldk/460.png
9,aligned-11-16/xzldk/439.png
9,aligned-11-16/xzldk/052.png
9,aligned-11-16/xzldk/394.png
9,aligned-11-16/xzldk/252.png
9,aligned-11-16/xzldk/174.png
9,aligned-11-16/xzldk/144.png
9,aligned-11-16/xzldk/421.png
9,aligned-11-16/xzldk/280.png
9,aligned-11-16/xzldk/159.png
9,aligned-11-16/xzldk/474.png
9,aligned-11-16/xzldk/112.png
9,aligned-11-16/xzldk/435.png
9,aligned-11-16/xzldk/401.png
9,aligned-11-16/xzldk/110.png
9,aligned-11-16/xzldk/035.png
9,aligned-11-16/xzldk/305.png
9,aligned-11-16/xzldk/180.png
9,aligned-11-16/xzldk/010.png
9,aligned-11-16/xzldk/075.png
9,aligned-11-16/xzldk/433.png
9,aligned-11-16/xzldk/431.png
9,aligned-11-16/xzldk/214.png
9,aligned-11-16/xzldk/463.png
9,aligned-11-16/xzldk/163.png
9,aligned-11-16/xzldk/281.png
9,aligned-11-16/xzldk/113.png
9,aligned-11-16/xzldk/030.png
9,aligned-11-16/xzldk/050.png
9,aligned-11-16/xzldk/208.png
9,aligned-11-16/xzldk/370.png
9,aligned-11-16/xzldk/448.png
9,aligned-11-16/xzldk/120.png
9,aligned-11-16/xzldk/213.png
9,aligned-11-16/xzldk/058.png
9,aligned-11-16/xzldk/111.png
9,aligned-11-16/xzldk/259.png
9,aligned-11-16/xzldk/451.png
9,aligned-11-16/xzldk/276.png
9,aligned-11-16/xzldk/425.png
9,aligned-11-16/xzldk/299.png
9,aligned-11-16/xzldk/202.png
9,aligned-11-16/xzldk/471.png
9,aligned-11-16/xzldk/012.png
9,aligned-11-16/xzldk/362.png
9,aligned-11-16/xzldk/157.png
9,aligned-11-16/xzldk/316.png
9,aligned-11-16/xzldk/242.png
9,aligned-11-16/xzldk/140.png
9,aligned-11-16/xzldk/129.png
9,aligned-11-16/xzldk/437.png
9,aligned-11-16/xzldk/071.png
9,aligned-11-16/xzldk/268.png
9,aligned-11-16/xzldk/318.png
9,aligned-11-16/xzldk/186.png
9,aligned-11-16/xzldk/341.png
9,aligned-11-16/xzldk/311.png
9,aligned-11-16/xzldk/224.png
9,aligned-11-16/xzldk/019.png
9,aligned-11-16/xzldk/353.png
9,aligned-11-16/xzldk/373.png
9,aligned-11-16/xzldk/194.png
9,aligned-11-16/xzldk/018.png
9,aligned-11-16/xzldk/233.png
9,aligned-11-16/xzldk/365.png
9,aligned-11-16/xzldk/417.png
9,aligned-11-16/xzldk/355.png
9,aligned-11-16/xzldk/193.png
9,aligned-11-16/xzldk/360.png
9,aligned-11-16/xzldk/228.png
9,aligned-11-16/xzldk/020.png
9,aligned-11-16/xzldk/126.png
9,aligned-11-16/xzldk/344.png
9,aligned-11-16/xzldk/368.png
9,aligned-11-16/xzldk/062.png
9,aligned-11-16/xzldk/402.png
9,aligned-11-16/xzldk/264.png
9,aligned-11-16/xzldk/396.png
9,aligned-11-16/xzldk/419.png
9,aligned-11-16/xzldk/200.png
9,aligned-11-16/xzldk/049.png
9,aligned-11-16/xzldk/467.png
9,aligned-11-16/xzldk/455.png
9,aligned-11-16/xzldk/464.png
9,aligned-11-16/xzldk/312.png
9,aligned-11-16/xzldk/121.png
9,aligned-11-16/xzldk/028.png
9,aligned-11-16/xzldk/382.png
9,aligned-11-16/xzldk/461.png
9,aligned-11-16/xzldk/249.png
9,aligned-11-16/xzldk/057.png
9,aligned-11-16/xzldk/465.png
9,aligned-11-16/xzldk/443.png
9,aligned-11-16/xzldk/277.png
9,aligned-11-16/xzldk/045.png
9,aligned-11-16/xzldk/458.png
9,aligned-11-16/xzldk/069.png
9,aligned-11-16/xzldk/084.png
9,aligned-11-16/xzldk/391.png
9,aligned-11-16/xzldk/096.png
9,aligned-11-16/xzldk/403.png
9,aligned-11-16/xzldk/297.png
9,aligned-11-16/xzldk/044.png
9,aligned-11-16/xzldk/043.png
9,aligned-11-16/xzldk/143.png
9,aligned-11-16/xzldk/407.png
9,aligned-11-16/xzldk/231.png
9,aligned-11-16/xzldk/324.png
9,aligned-11-16/xzldk/378.png
9,aligned-11-16/xzldk/199.png
9,aligned-11-16/xzldk/085.png
9,aligned-11-16/xzldk/107.png
9,aligned-11-16/xzldk/164.png
9,aligned-11-16/xzldk/400.png
9,aligned-11-16/xzldk/320.png
9,aligned-11-16/xzldk/450.png
9,aligned-11-16/xzldk/217.png
9,aligned-11-16/xzldk/340.png
9,aligned-11-16/xzldk/209.png
9,aligned-11-16/xzldk/405.png
9,aligned-11-16/xzldk/040.png
9,aligned-11-16/xzldk/036.png
9,aligned-11-16/xzldk/472.png
9,aligned-11-16/xzldk/462.png
9,aligned-11-16/xzldk/117.png
9,aligned-11-16/xzldk/023.png
9,aligned-11-16/xzldk/246.png
9,aligned-11-16/xzldk/387.png
9,aligned-11-16/xzldk/361.png
9,aligned-11-16/xzldk/409.png
9,aligned-11-16/xzldk/137.png
9,aligned-11-16/xzldk/108.png
9,aligned-11-16/xzldk/352.png
9,aligned-11-16/xzldk/221.png
9,aligned-11-16/xzldk/013.png
9,aligned-11-16/xzldk/424.png
9,aligned-11-16/xzldk/003.png
9,aligned-11-16/xzldk/473.png
9,aligned-11-16/xzldk/273.png
9,aligned-11-16/xzldk/100.png
9,aligned-11-16/xzldk/343.png
9,aligned-11-16/xzldk/122.png
9,aligned-11-16/xzldk/225.png
9,aligned-11-16/xzldk/265.png
10,aligned-11-16/80s2/029.png
10,aligned-11-16/80s2/012.png
10,aligned-11-16/80s2/059.png
10,aligned-11-16/80s2/035.png
10,aligned-11-16/80s2/001.png
10,aligned-11-16/80s2/032.png
10,aligned-11-16/80s2/006.png
10,aligned-11-16/80s2/030.png
10,aligned-11-16/80s2/064.png
10,aligned-11-16/80s2/005.png
10,aligned-11-16/80s2/004.png
10,aligned-11-16/80s2/010.png
10,aligned-11-16/80s2/077.png
10,aligned-11-16/80s2/078.png
10,aligned-11-16/80s2/067.png
10,aligned-11-16/80s2/079.png
10,aligned-11-16/80s2/074.png
10,aligned-11-16/80s2/070.png
10,aligned-11-16/80s2/026.png
10,aligned-11-16/80s2/057.png
10,aligned-11-16/80s2/066.png
10,aligned-11-16/80s2/082.png
10,aligned-11-16/80s2/053.png
10,aligned-11-16/80s2/009.png
10,aligned-11-16/80s2/016.png
10,aligned-11-16/80s2/071.png
10,aligned-11-16/80s2/002.png
10,aligned-11-16/80s2/049.png
10,aligned-11-16/80s2/073.png
10,aligned-11-16/80s2/015.png
10,aligned-11-16/80s2/048.png
10,aligned-11-16/80s2/063.png
10,aligned-11-16/80s2/013.png
10,aligned-11-16/80s2/011.png
10,aligned-11-16/80s2/072.png
10,aligned-11-16/80s2/050.png
10,aligned-11-16/80s2/028.png
10,aligned-11-16/80s2/069.png
10,aligned-11-16/80s2/052.png
10,aligned-11-16/80s2/018.png
10,aligned-11-16/80s2/065.png
10,aligned-11-16/80s2/034.png
10,aligned-11-16/80s2/056.png
10,aligned-11-16/80s2/075.png
10,aligned-11-16/80s2/060.png
10,aligned-11-16/80s2/019.png
10,aligned-11-16/80s2/068.png
10,aligned-11-16/80s2/058.png
10,aligned-11-16/80s2/008.png
10,aligned-11-16/80s2/003.png
10,aligned-11-16/80s2/054.png
10,aligned-11-16/80s2/047.png
10,aligned-11-16/80s2/051.png
10,aligned-11-16/80s2/062.png
10,aligned-11-16/80s2/020.png
10,aligned-11-16/80s2/031.png
10,aligned-11-16/80s2/033.png
10,aligned-11-16/80s2/014.png
10,aligned-11-16/80s2/007.png
10,aligned-11-16/80s2/021.png
10,aligned-11-16/80s2/076.png
10,aligned-11-16/80s2/055.png
10,aligned-11-16/80s2/027.png
10,aligned-11-16/80s2/080.png
10,aligned-11-16/80s2/061.png
10,aligned-11-16/80s2/017.png
11,aligned-11-16/xz4/022.png
11,aligned-11-16/xz4/023.png
11,aligned-11-16/xz4/007.png
11,aligned-11-16/xz4/020.png
11,aligned-11-16/xz4/014.png
11,aligned-11-16/xz4/009.png
11,aligned-11-16/xz4/003.png
11,aligned-11-16/xz4/016.png
11,aligned-11-16/xz4/021.png
11,aligned-11-16/xz4/017.png
11,aligned-11-16/xz4/019.png
11,aligned-11-16/xz4/002.png
11,aligned-11-16/xz4/024.png
11,aligned-11-16/xz4/015.png
11,aligned-11-16/xz4/018.png
11,aligned-11-16/xz4/006.png
11,aligned-11-16/xz4/004.png
11,aligned-11-16/xz4/008.png
11,aligned-11-16/xz4/001.png
11,aligned-11-16/xz4/013.png
11,aligned-11-16/xz4/005.png
12,aligned-11-16/xz1/059.png
12,aligned-11-16/xz1/021.png
12,aligned-11-16/xz1/049.png
12,aligned-11-16/xz1/043.png
12,aligned-11-16/xz1/010.png
12,aligned-11-16/xz1/013.png
12,aligned-11-16/xz1/055.png
12,aligned-11-16/xz1/082.png
12,aligned-11-16/xz1/042.png
12,aligned-11-16/xz1/046.png
12,aligned-11-16/xz1/006.png
12,aligned-11-16/xz1/039.png
12,aligned-11-16/xz1/031.png
12,aligned-11-16/xz1/054.png
12,aligned-11-16/xz1/007.png
12,aligned-11-16/xz1/087.png
12,aligned-11-16/xz1/003.png
12,aligned-11-16/xz1/017.png
12,aligned-11-16/xz1/060.png
12,aligned-11-16/xz1/040.png
12,aligned-11-16/xz1/035.png
12,aligned-11-16/xz1/070.png
12,aligned-11-16/xz1/073.png
12,aligned-11-16/xz1/081.png
12,aligned-11-16/xz1/051.png
12,aligned-11-16/xz1/002.png
12,aligned-11-16/xz1/080.png
12,aligned-11-16/xz1/025.png
12,aligned-11-16/xz1/038.png
12,aligned-11-16/xz1/008.png
12,aligned-11-16/xz1/041.png
12,aligned-11-16/xz1/085.png
12,aligned-11-16/xz1/075.png
12,aligned-11-16/xz1/014.png
12,aligned-11-16/xz1/011.png
12,aligned-11-16/xz1/020.png
12,aligned-11-16/xz1/084.png
12,aligned-11-16/xz1/066.png
12,aligned-11-16/xz1/044.png
12,aligned-11-16/xz1/077.png
12,aligned-11-16/xz1/065.png
12,aligned-11-16/xz1/030.png
12,aligned-11-16/xz1/027.png
12,aligned-11-16/xz1/016.png
12,aligned-11-16/xz1/061.png
12,aligned-11-16/xz1/026.png
12,aligned-11-16/xz1/023.png
12,aligned-11-16/xz1/069.png
12,aligned-11-16/xz1/022.png
12,aligned-11-16/xz1/019.png
12,aligned-11-16/xz1/086.png
12,aligned-11-16/xz1/034.png
12,aligned-11-16/xz1/078.png
12,aligned-11-16/xz1/057.png
12,aligned-11-16/xz1/015.png
12,aligned-11-16/xz1/050.png
12,aligned-11-16/xz1/072.png
12,aligned-11-16/xz1/024.png
12,aligned-11-16/xz1/056.png
12,aligned-11-16/xz1/047.png
12,aligned-11-16/xz1/063.png
12,aligned-11-16/xz1/018.png
12,aligned-11-16/xz1/005.png
12,aligned-11-16/xz1/009.png
12,aligned-11-16/xz1/062.png
12,aligned-11-16/xz1/032.png
12,aligned-11-16/xz1/004.png
12,aligned-11-16/xz1/037.png
12,aligned-11-16/xz1/071.png
12,aligned-11-16/xz1/064.png
12,aligned-11-16/xz1/079.png
12,aligned-11-16/xz1/083.png
12,aligned-11-16/xz1/074.png
12,aligned-11-16/xz1/028.png
12,aligned-11-16/xz1/036.png
12,aligned-11-16/xz1/029.png
12,aligned-11-16/xz1/012.png
12,aligned-11-16/xz1/076.png
12,aligned-11-16/xz1/067.png
12,aligned-11-16/xz1/045.png
12,aligned-11-16/xz1/068.png
12,aligned-11-16/xz1/048.png
12,aligned-11-16/xz1/058.png
13,aligned-11-16/xz2/131.png
13,aligned-11-16/xz2/098.png
13,aligned-11-16/xz2/085.png
13,aligned-11-16/xz2/129.png
13,aligned-11-16/xz2/113.png
13,aligned-11-16/xz2/103.png
13,aligned-11-16/xz2/007.png
13,aligned-11-16/xz2/072.png
13,aligned-11-16/xz2/048.png
13,aligned-11-16/xz2/019.png
13,aligned-11-16/xz2/020.png
13,aligned-11-16/xz2/137.png
13,aligned-11-16/xz2/076.png
13,aligned-11-16/xz2/112.png
13,aligned-11-16/xz2/034.png
13,aligned-11-16/xz2/128.png
13,aligned-11-16/xz2/038.png
13,aligned-11-16/xz2/133.png
13,aligned-11-16/xz2/083.png
13,aligned-11-16/xz2/005.png
13,aligned-11-16/xz2/089.png
13,aligned-11-16/xz2/018.png
13,aligned-11-16/xz2/049.png
13,aligned-11-16/xz2/084.png
13,aligned-11-16/xz2/036.png
13,aligned-11-16/xz2/105.png
13,aligned-11-16/xz2/119.png
13,aligned-11-16/xz2/061.png
13,aligned-11-16/xz2/134.png
13,aligned-11-16/xz2/068.png
13,aligned-11-16/xz2/040.png
13,aligned-11-16/xz2/132.png
13,aligned-11-16/xz2/118.png
13,aligned-11-16/xz2/047.png
13,aligned-11-16/xz2/006.png
13,aligned-11-16/xz2/051.png
13,aligned-11-16/xz2/079.png
13,aligned-11-16/xz2/102.png
13,aligned-11-16/xz2/025.png
13,aligned-11-16/xz2/110.png
13,aligned-11-16/xz2/123.png
13,aligned-11-16/xz2/135.png
13,aligned-11-16/xz2/033.png
13,aligned-11-16/xz2/107.png
13,aligned-11-16/xz2/003.png
13,aligned-11-16/xz2/136.png
13,aligned-11-16/xz2/097.png
13,aligned-11-16/xz2/081.png
13,aligned-11-16/xz2/031.png
13,aligned-11-16/xz2/104.png
13,aligned-11-16/xz2/014.png
13,aligned-11-16/xz2/095.png
13,aligned-11-16/xz2/001.png
13,aligned-11-16/xz2/099.png
13,aligned-11-16/xz2/037.png
13,aligned-11-16/xz2/063.png
13,aligned-11-16/xz2/125.png
13,aligned-11-16/xz2/055.png
13,aligned-11-16/xz2/021.png
13,aligned-11-16/xz2/058.png
13,aligned-11-16/xz2/140.png
13,aligned-11-16/xz2/082.png
13,aligned-11-16/xz2/052.png
13,aligned-11-16/xz2/012.png
13,aligned-11-16/xz2/121.png
13,aligned-11-16/xz2/045.png
13,aligned-11-16/xz2/054.png
13,aligned-11-16/xz2/067.png
13,aligned-11-16/xz2/032.png
13,aligned-11-16/xz2/124.png
13,aligned-11-16/xz2/013.png
13,aligned-11-16/xz2/057.png
13,aligned-11-16/xz2/066.png
13,aligned-11-16/xz2/008.png
13,aligned-11-16/xz2/004.png
13,aligned-11-16/xz2/122.png
13,aligned-11-16/xz2/028.png
13,aligned-11-16/xz2/126.png
13,aligned-11-16/xz2/022.png
13,aligned-11-16/xz2/075.png
13,aligned-11-16/xz2/073.png
13,aligned-11-16/xz2/026.png
13,aligned-11-16/xz2/101.png
13,aligned-11-16/xz2/011.png
13,aligned-11-16/xz2/078.png
13,aligned-11-16/xz2/109.png
13,aligned-11-16/xz2/080.png
13,aligned-11-16/xz2/064.png
13,aligned-11-16/xz2/117.png
13,aligned-11-16/xz2/120.png
13,aligned-11-16/xz2/077.png
13,aligned-11-16/xz2/017.png
13,aligned-11-16/xz2/010.png
13,aligned-11-16/xz2/035.png
13,aligned-11-16/xz2/039.png
13,aligned-11-16/xz2/096.png
13,aligned-11-16/xz2/050.png
13,aligned-11-16/xz2/065.png
13,aligned-11-16/xz2/062.png
13,aligned-11-16/xz2/043.png
13,aligned-11-16/xz2/009.png
13,aligned-11-16/xz2/108.png
13,aligned-11-16/xz2/070.png
13,aligned-11-16/xz2/094.png
13,aligned-11-16/xz2/046.png
13,aligned-11-16/xz2/106.png
13,aligned-11-16/xz2/069.png
13,aligned-11-16/xz2/041.png
13,aligned-11-16/xz2/071.png
13,aligned-11-16/xz2/044.png
13,aligned-11-16/xz2/024.png
13,aligned-11-16/xz2/030.png
13,aligned-11-16/xz2/116.png
13,aligned-11-16/xz2/139.png
13,aligned-11-16/xz2/138.png
13,aligned-11-16/xz2/053.png
13,aligned-11-16/xz2/100.png
13,aligned-11-16/xz2/042.png
13,aligned-11-16/xz2/029.png
13,aligned-11-16/xz2/115.png
13,aligned-11-16/xz2/074.png
13,aligned-11-16/xz2/056.png
13,aligned-11-16/xz2/111.png
13,aligned-11-16/xz2/130.png
13,aligned-11-16/xz2/027.png
13,aligned-11-16/xz2/114.png
13,aligned-11-16/xz2/023.png
13,aligned-11-16/xz2/015.png
13,aligned-11-16/xz2/016.png
14,aligned-11-16/80szhanghongrui/134.png
14,aligned-11-16/80szhanghongrui/156.png
14,aligned-11-16/80szhanghongrui/157.png
14,aligned-11-16/80szhanghongrui/130.png
14,aligned-11-16/80szhanghongrui/208.png
14,aligned-11-16/80szhanghongrui/028.png
14,aligned-11-16/80szhanghongrui/101.png
14,aligned-11-16/80szhanghongrui/172.png
14,aligned-11-16/80szhanghongrui/121.png
14,aligned-11-16/80szhanghongrui/102.png
14,aligned-11-16/80szhanghongrui/138.png
14,aligned-11-16/80szhanghongrui/098.png
14,aligned-11-16/80szhanghongrui/059.png
14,aligned-11-16/80szhanghongrui/020.png
14,aligned-11-16/80szhanghongrui/077.png
14,aligned-11-16/80szhanghongrui/073.png
14,aligned-11-16/80szhanghongrui/166.png
14,aligned-11-16/80szhanghongrui/108.png
14,aligned-11-16/80szhanghongrui/075.png
14,aligned-11-16/80szhanghongrui/105.png
14,aligned-11-16/80szhanghongrui/167.png
14,aligned-11-16/80szhanghongrui/146.png
14,aligned-11-16/80szhanghongrui/046.png
14,aligned-11-16/80szhanghongrui/201.png
14,aligned-11-16/80szhanghongrui/117.png
14,aligned-11-16/80szhanghongrui/019.png
14,aligned-11-16/80szhanghongrui/205.png
14,aligned-11-16/80szhanghongrui/210.png
14,aligned-11-16/80szhanghongrui/175.png
14,aligned-11-16/80szhanghongrui/113.png
14,aligned-11-16/80szhanghongrui/035.png
14,aligned-11-16/80szhanghongrui/091.png
14,aligned-11-16/80szhanghongrui/045.png
14,aligned-11-16/80szhanghongrui/023.png
14,aligned-11-16/80szhanghongrui/066.png
14,aligned-11-16/80szhanghongrui/190.png
14,aligned-11-16/80szhanghongrui/195.png
14,aligned-11-16/80szhanghongrui/118.png
14,aligned-11-16/80szhanghongrui/202.png
14,aligned-11-16/80szhanghongrui/165.png
14,aligned-11-16/80szhanghongrui/188.png
14,aligned-11-16/80szhanghongrui/086.png
14,aligned-11-16/80szhanghongrui/011.png
14,aligned-11-16/80szhanghongrui/119.png
14,aligned-11-16/80szhanghongrui/078.png
14,aligned-11-16/80szhanghongrui/177.png
14,aligned-11-16/80szhanghongrui/132.png
14,aligned-11-16/80szhanghongrui/010.png
14,aligned-11-16/80szhanghongrui/033.png
14,aligned-11-16/80szhanghongrui/158.png
14,aligned-11-16/80szhanghongrui/170.png
14,aligned-11-16/80szhanghongrui/026.png
14,aligned-11-16/80szhanghongrui/009.png
14,aligned-11-16/80szhanghongrui/168.png
14,aligned-11-16/80szhanghongrui/021.png
14,aligned-11-16/80szhanghongrui/107.png
14,aligned-11-16/80szhanghongrui/042.png
14,aligned-11-16/80szhanghongrui/065.png
14,aligned-11-16/80szhanghongrui/067.png
14,aligned-11-16/80szhanghongrui/022.png
14,aligned-11-16/80szhanghongrui/184.png
14,aligned-11-16/80szhanghongrui/043.png
14,aligned-11-16/80szhanghongrui/047.png
14,aligned-11-16/80szhanghongrui/155.png
14,aligned-11-16/80szhanghongrui/180.png
14,aligned-11-16/80szhanghongrui/186.png
14,aligned-11-16/80szhanghongrui/024.png
14,aligned-11-16/80szhanghongrui/136.png
14,aligned-11-16/80szhanghongrui/082.png
14,aligned-11-16/80szhanghongrui/044.png
14,aligned-11-16/80szhanghongrui/070.png
14,aligned-11-16/80szhanghongrui/099.png
14,aligned-11-16/80szhanghongrui/062.png
14,aligned-11-16/80szhanghongrui/189.png
14,aligned-11-16/80szhanghongrui/149.png
14,aligned-11-16/80szhanghongrui/060.png
14,aligned-11-16/80szhanghongrui/038.png
14,aligned-11-16/80szhanghongrui/034.png
14,aligned-11-16/80szhanghongrui/085.png
14,aligned-11-16/80szhanghongrui/088.png
14,aligned-11-16/80szhanghongrui/025.png
14,aligned-11-16/80szhanghongrui/150.png
14,aligned-11-16/80szhanghongrui/128.png
14,aligned-11-16/80szhanghongrui/191.png
14,aligned-11-16/80szhanghongrui/031.png
14,aligned-11-16/80szhanghongrui/160.png
14,aligned-11-16/80szhanghongrui/074.png
14,aligned-11-16/80szhanghongrui/183.png
14,aligned-11-16/80szhanghongrui/209.png
14,aligned-11-16/80szhanghongrui/145.png
14,aligned-11-16/80szhanghongrui/076.png
14,aligned-11-16/80szhanghongrui/080.png
14,aligned-11-16/80szhanghongrui/064.png
14,aligned-11-16/80szhanghongrui/100.png
14,aligned-11-16/80szhanghongrui/040.png
14,aligned-11-16/80szhanghongrui/032.png
14,aligned-11-16/80szhanghongrui/169.png
14,aligned-11-16/80szhanghongrui/041.png
14,aligned-11-16/80szhanghongrui/153.png
14,aligned-11-16/80szhanghongrui/103.png
14,aligned-11-16/80szhanghongrui/198.png
14,aligned-11-16/80szhanghongrui/090.png
14,aligned-11-16/80szhanghongrui/093.png
14,aligned-11-16/80szhanghongrui/131.png
14,aligned-11-16/80szhanghongrui/203.png
14,aligned-11-16/80szhanghongrui/212.png
14,aligned-11-16/80szhanghongrui/087.png
14,aligned-11-16/80szhanghongrui/143.png
14,aligned-11-16/80szhanghongrui/216.png
14,aligned-11-16/80szhanghongrui/135.png
14,aligned-11-16/80szhanghongrui/069.png
14,aligned-11-16/80szhanghongrui/192.png
14,aligned-11-16/80szhanghongrui/092.png
14,aligned-11-16/80szhanghongrui/159.png
14,aligned-11-16/80szhanghongrui/142.png
14,aligned-11-16/80szhanghongrui/079.png
14,aligned-11-16/80szhanghongrui/124.png
14,aligned-11-16/80szhanghongrui/197.png
14,aligned-11-16/80szhanghongrui/123.png
14,aligned-11-16/80szhanghongrui/012.png
14,aligned-11-16/80szhanghongrui/089.png
14,aligned-11-16/80szhanghongrui/199.png
14,aligned-11-16/80szhanghongrui/152.png
14,aligned-11-16/80szhanghongrui/213.png
14,aligned-11-16/80szhanghongrui/037.png
14,aligned-11-16/80szhanghongrui/072.png
14,aligned-11-16/80szhanghongrui/141.png
14,aligned-11-16/80szhanghongrui/110.png
14,aligned-11-16/80szhanghongrui/154.png
14,aligned-11-16/80szhanghongrui/125.png
14,aligned-11-16/80szhanghongrui/068.png
14,aligned-11-16/80szhanghongrui/185.png
14,aligned-11-16/80szhanghongrui/058.png
14,aligned-11-16/80szhanghongrui/097.png
14,aligned-11-16/80szhanghongrui/164.png
14,aligned-11-16/80szhanghongrui/217.png
14,aligned-11-16/80szhanghongrui/071.png
14,aligned-11-16/80szhanghongrui/116.png
14,aligned-11-16/80szhanghongrui/174.png
14,aligned-11-16/80szhanghongrui/122.png
15,aligned-11-16/xz7/055.png
15,aligned-11-16/xz7/039.png
15,aligned-11-16/xz7/035.png
15,aligned-11-16/xz7/063.png
15,aligned-11-16/xz7/073.png
15,aligned-11-16/xz7/004.png
15,aligned-11-16/xz7/050.png
15,aligned-11-16/xz7/012.png
15,aligned-11-16/xz7/079.png
15,aligned-11-16/xz7/041.png
15,aligned-11-16/xz7/058.png
15,aligned-11-16/xz7/030.png
15,aligned-11-16/xz7/070.png
15,aligned-11-16/xz7/021.png
15,aligned-11-16/xz7/059.png
15,aligned-11-16/xz7/069.png
15,aligned-11-16/xz7/036.png
15,aligned-11-16/xz7/049.png
15,aligned-11-16/xz7/027.png
15,aligned-11-16/xz7/005.png
15,aligned-11-16/xz7/068.png
15,aligned-11-16/xz7/029.png
15,aligned-11-16/xz7/016.png
15,aligned-11-16/xz7/053.png
15,aligned-11-16/xz7/086.png
15,aligned-11-16/xz7/025.png
15,aligned-11-16/xz7/024.png
15,aligned-11-16/xz7/085.png
15,aligned-11-16/xz7/028.png
15,aligned-11-16/xz7/060.png
15,aligned-11-16/xz7/006.png
15,aligned-11-16/xz7/056.png
15,aligned-11-16/xz7/037.png
15,aligned-11-16/xz7/076.png
15,aligned-11-16/xz7/011.png
15,aligned-11-16/xz7/020.png
15,aligned-11-16/xz7/018.png
15,aligned-11-16/xz7/009.png
15,aligned-11-16/xz7/026.png
15,aligned-11-16/xz7/082.png
15,aligned-11-16/xz7/061.png
15,aligned-11-16/xz7/048.png
15,aligned-11-16/xz7/080.png
15,aligned-11-16/xz7/087.png
15,aligned-11-16/xz7/034.png
15,aligned-11-16/xz7/015.png
15,aligned-11-16/xz7/064.png
15,aligned-11-16/xz7/043.png
15,aligned-11-16/xz7/008.png
15,aligned-11-16/xz7/007.png
15,aligned-11-16/xz7/019.png
15,aligned-11-16/xz7/047.png
15,aligned-11-16/xz7/077.png
15,aligned-11-16/xz7/083.png
15,aligned-11-16/xz7/001.png
15,aligned-11-16/xz7/014.png
15,aligned-11-16/xz7/057.png
15,aligned-11-16/xz7/032.png
15,aligned-11-16/xz7/078.png
15,aligned-11-16/xz7/066.png
15,aligned-11-16/xz7/067.png
15,aligned-11-16/xz7/031.png
15,aligned-11-16/xz7/017.png
15,aligned-11-16/xz7/010.png
15,aligned-11-16/xz7/084.png
15,aligned-11-16/xz7/040.png
15,aligned-11-16/xz7/046.png
15,aligned-11-16/xz7/038.png
15,aligned-11-16/xz7/023.png
15,aligned-11-16/xz7/071.png
15,aligned-11-16/xz7/075.png
15,aligned-11-16/xz7/022.png
15,aligned-11-16/xz7/088.png
15,aligned-11-16/xz7/081.png
15,aligned-11-16/xz7/042.png
15,aligned-11-16/xz7/065.png
15,aligned-11-16/xz7/002.png
15,aligned-11-16/xz7/003.png
15,aligned-11-16/xz7/054.png
15,aligned-11-16/xz7/072.png
15,aligned-11-16/xz7/033.png
15,aligned-11-16/xz7/052.png
15,aligned-11-16/xz7/074.png
15,aligned-11-16/xz7/062.png
15,aligned-11-16/xz7/051.png
16,aligned-11-16/bjbgy/002.png
17,aligned-11-16/80s1/016.png
17,aligned-11-16/80s1/008.png
17,aligned-11-16/80s1/007.png
17,aligned-11-16/80s1/013.png
17,aligned-11-16/80s1/017.png
17,aligned-11-16/80s1/051.png
17,aligned-11-16/80s1/002.png
17,aligned-11-16/80s1/023.png
17,aligned-11-16/80s1/014.png
17,aligned-11-16/80s1/022.png
17,aligned-11-16/80s1/015.png
17,aligned-11-16/80s1/003.png
18,aligned-11-16/xz3/042.png
18,aligned-11-16/xz3/009.png
18,aligned-11-16/xz3/050.png
18,aligned-11-16/xz3/033.png
18,aligned-11-16/xz3/021.png
18,aligned-11-16/xz3/035.png
18,aligned-11-16/xz3/017.png
18,aligned-11-16/xz3/025.png
18,aligned-11-16/xz3/046.png
18,aligned-11-16/xz3/061.png
18,aligned-11-16/xz3/058.png
18,aligned-11-16/xz3/013.png
18,aligned-11-16/xz3/027.png
18,aligned-11-16/xz3/012.png
18,aligned-11-16/xz3/048.png
18,aligned-11-16/xz3/051.png
18,aligned-11-16/xz3/029.png
18,aligned-11-16/xz3/038.png
18,aligned-11-16/xz3/028.png
18,aligned-11-16/xz3/007.png
18,aligned-11-16/xz3/052.png
18,aligned-11-16/xz3/002.png
18,aligned-11-16/xz3/054.png
18,aligned-11-16/xz3/014.png
18,aligned-11-16/xz3/034.png
18,aligned-11-16/xz3/036.png
18,aligned-11-16/xz3/039.png
18,aligned-11-16/xz3/055.png
18,aligned-11-16/xz3/018.png
18,aligned-11-16/xz3/057.png
18,aligned-11-16/xz3/053.png
18,aligned-11-16/xz3/032.png
18,aligned-11-16/xz3/004.png
18,aligned-11-16/xz3/010.png
18,aligned-11-16/xz3/044.png
18,aligned-11-16/xz3/059.png
18,aligned-11-16/xz3/043.png
18,aligned-11-16/xz3/015.png
18,aligned-11-16/xz3/001.png
18,aligned-11-16/xz3/031.png
18,aligned-11-16/xz3/063.png
18,aligned-11-16/xz3/023.png
18,aligned-11-16/xz3/037.png
18,aligned-11-16/xz3/060.png
18,aligned-11-16/xz3/062.png
18,aligned-11-16/xz3/006.png
18,aligned-11-16/xz3/026.png
18,aligned-11-16/xz3/016.png
18,aligned-11-16/xz3/047.png
18,aligned-11-16/xz3/045.png
18,aligned-11-16/xz3/041.png
18,aligned-11-16/xz3/019.png
18,aligned-11-16/xz3/008.png
18,aligned-11-16/xz3/056.png
18,aligned-11-16/xz3/022.png
18,aligned-11-16/xz3/003.png
18,aligned-11-16/xz3/049.png
18,aligned-11-16/xz3/020.png
18,aligned-11-16/xz3/030.png
18,aligned-11-16/xz3/040.png
18,aligned-11-16/xz3/011.png
18,aligned-11-16/xz3/024.png
18,aligned-11-16/xz3/005.png
19,aligned-11-16/xznj/378.png
19,aligned-11-16/xznj/333.png
19,aligned-11-16/xznj/349.png
19,aligned-11-16/xznj/425.png
19,aligned-11-16/xznj/057.png
19,aligned-11-16/xznj/448.png
19,aligned-11-16/xznj/239.png
19,aligned-11-16/xznj/327.png
19,aligned-11-16/xznj/129.png
19,aligned-11-16/xznj/039.png
19,aligned-11-16/xznj/058.png
19,aligned-11-16/xznj/282.png
19,aligned-11-16/xznj/398.png
19,aligned-11-16/xznj/401.png
19,aligned-11-16/xznj/363.png
19,aligned-11-16/xznj/173.png
19,aligned-11-16/xznj/013.png
19,aligned-11-16/xznj/441.png
19,aligned-11-16/xznj/324.png
19,aligned-11-16/xznj/051.png
19,aligned-11-16/xznj/320.png
19,aligned-11-16/xznj/046.png
19,aligned-11-16/xznj/024.png
19,aligned-11-16/xznj/178.png
19,aligned-11-16/xznj/015.png
19,aligned-11-16/xznj/193.png
19,aligned-11-16/xznj/305.png
19,aligned-11-16/xznj/154.png
19,aligned-11-16/xznj/187.png
19,aligned-11-16/xznj/444.png
19,aligned-11-16/xznj/132.png
19,aligned-11-16/xznj/045.png
19,aligned-11-16/xznj/443.png
19,aligned-11-16/xznj/169.png
19,aligned-11-16/xznj/059.png
19,aligned-11-16/xznj/110.png
19,aligned-11-16/xznj/366.png
19,aligned-11-16/xznj/156.png
19,aligned-11-16/xznj/092.png
19,aligned-11-16/xznj/185.png
19,aligned-11-16/xznj/360.png
19,aligned-11-16/xznj/226.png
19,aligned-11-16/xznj/393.png
19,aligned-11-16/xznj/296.png
19,aligned-11-16/xznj/217.png
19,aligned-11-16/xznj/061.png
19,aligned-11-16/xznj/262.png
19,aligned-11-16/xznj/240.png
19,aligned-11-16/xznj/020.png
19,aligned-11-16/xznj/272.png
19,aligned-11-16/xznj/215.png
19,aligned-11-16/xznj/436.png
19,aligned-11-16/xznj/002.png
19,aligned-11-16/xznj/251.png
19,aligned-11-16/xznj/442.png
19,aligned-11-16/xznj/418.png
19,aligned-11-16/xznj/337.png
19,aligned-11-16/xznj/431.png
19,aligned-11-16/xznj/209.png
19,aligned-11-16/xznj/118.png
19,aligned-11-16/xznj/192.png
19,aligned-11-16/xznj/136.png
19,aligned-11-16/xznj/063.png
19,aligned-11-16/xznj/004.png
19,aligned-11-16/xznj/237.png
19,aligned-11-16/xznj/006.png
19,aligned-11-16/xznj/288.png
19,aligned-11-16/xznj/075.png
19,aligned-11-16/xznj/264.png
19,aligned-11-16/xznj/150.png
19,aligned-11-16/xznj/301.png
19,aligned-11-16/xznj/077.png
19,aligned-11-16/xznj/350.png
19,aligned-11-16/xznj/414.png
19,aligned-11-16/xznj/375.png
19,aligned-11-16/xznj/025.png
19,aligned-11-16/xznj/450.png
19,aligned-11-16/xznj/201.png
19,aligned-11-16/xznj/243.png
19,aligned-11-16/xznj/011.png
19,aligned-11-16/xznj/380.png
19,aligned-11-16/xznj/346.png
19,aligned-11-16/xznj/033.png
19,aligned-11-16/xznj/149.png
19,aligned-11-16/xznj/124.png
19,aligned-11-16/xznj/376.png
19,aligned-11-16/xznj/329.png
19,aligned-11-16/xznj/200.png
19,aligned-11-16/xznj/065.png
19,aligned-11-16/xznj/184.png
19,aligned-11-16/xznj/312.png
19,aligned-11-16/xznj/354.png
19,aligned-11-16/xznj/027.png
19,aligned-11-16/xznj/102.png
19,aligned-11-16/xznj/308.png
19,aligned-11-16/xznj/122.png
19,aligned-11-16/xznj/247.png
19,aligned-11-16/xznj/162.png
19,aligned-11-16/xznj/093.png
19,aligned-11-16/xznj/128.png
19,aligned-11-16/xznj/309.png
19,aligned-11-16/xznj/437.png
19,aligned-11-16/xznj/326.png
19,aligned-11-16/xznj/095.png
19,aligned-11-16/xznj/230.png
19,aligned-11-16/xznj/163.png
19,aligned-11-16/xznj/096.png
19,aligned-11-16/xznj/364.png
19,aligned-11-16/xznj/339.png
19,aligned-11-16/xznj/269.png
19,aligned-11-16/xznj/342.png
19,aligned-11-16/xznj/397.png
19,aligned-11-16/xznj/447.png
19,aligned-11-16/xznj/111.png
19,aligned-11-16/xznj/452.png
19,aligned-11-16/xznj/258.png
19,aligned-11-16/xznj/419.png
19,aligned-11-16/xznj/306.png
19,aligned-11-16/xznj/413.png
19,aligned-11-16/xznj/194.png
19,aligned-11-16/xznj/381.png
19,aligned-11-16/xznj/356.png
19,aligned-11-16/xznj/182.png
19,aligned-11-16/xznj/403.png
19,aligned-11-16/xznj/371.png
19,aligned-11-16/xznj/139.png
19,aligned-11-16/xznj/387.png
19,aligned-11-16/xznj/323.png
19,aligned-11-16/xznj/069.png
19,aligned-11-16/xznj/389.png
19,aligned-11-16/xznj/299.png
19,aligned-11-16/xznj/420.png
19,aligned-11-16/xznj/341.png
19,aligned-11-16/xznj/151.png
19,aligned-11-16/xznj/328.png
19,aligned-11-16/xznj/186.png
19,aligned-11-16/xznj/022.png
19,aligned-11-16/xznj/143.png
19,aligned-11-16/xznj/175.png
19,aligned-11-16/xznj/232.png
19,aligned-11-16/xznj/066.png
19,aligned-11-16/xznj/330.png
19,aligned-11-16/xznj/055.png
19,aligned-11-16/xznj/114.png
19,aligned-11-16/xznj/302.png
19,aligned-11-16/xznj/313.png
19,aligned-11-16/xznj/090.png
19,aligned-11-16/xznj/290.png
19,aligned-11-16/xznj/336.png
19,aligned-11-16/xznj/384.png
19,aligned-11-16/xznj/097.png
19,aligned-11-16/xznj/029.png
19,aligned-11-16/xznj/395.png
19,aligned-11-16/xznj/099.png
19,aligned-11-16/xznj/390.png
19,aligned-11-16/xznj/347.png
19,aligned-11-16/xznj/121.png
19,aligned-11-16/xznj/404.png
19,aligned-11-16/xznj/353.png
19,aligned-11-16/xznj/318.png
19,aligned-11-16/xznj/385.png
19,aligned-11-16/xznj/053.png
19,aligned-11-16/xznj/133.png
19,aligned-11-16/xznj/372.png
19,aligned-11-16/xznj/160.png
19,aligned-11-16/xznj/062.png
19,aligned-11-16/xznj/010.png
19,aligned-11-16/xznj/422.png
19,aligned-11-16/xznj/214.png
19,aligned-11-16/xznj/424.png
19,aligned-11-16/xznj/008.png
19,aligned-11-16/xznj/030.png
19,aligned-11-16/xznj/159.png
19,aligned-11-16/xznj/391.png
19,aligned-11-16/xznj/368.png
19,aligned-11-16/xznj/049.png
19,aligned-11-16/xznj/176.png
19,aligned-11-16/xznj/253.png
19,aligned-11-16/xznj/292.png
19,aligned-11-16/xznj/120.png
19,aligned-11-16/xznj/142.png
19,aligned-11-16/xznj/084.png
19,aligned-11-16/xznj/074.png
19,aligned-11-16/xznj/383.png
19,aligned-11-16/xznj/071.png
19,aligned-11-16/xznj/158.png
19,aligned-11-16/xznj/369.png
19,aligned-11-16/xznj/060.png
19,aligned-11-16/xznj/105.png
19,aligned-11-16/xznj/311.png
19,aligned-11-16/xznj/321.png
19,aligned-11-16/xznj/451.png
19,aligned-11-16/xznj/211.png
19,aligned-11-16/xznj/018.png
19,aligned-11-16/xznj/408.png
19,aligned-11-16/xznj/164.png
19,aligned-11-16/xznj/379.png
19,aligned-11-16/xznj/199.png
19,aligned-11-16/xznj/100.png
19,aligned-11-16/xznj/303.png
19,aligned-11-16/xznj/434.png
19,aligned-11-16/xznj/392.png
19,aligned-11-16/xznj/014.png
19,aligned-11-16/xznj/166.png
19,aligned-11-16/xznj/278.png
19,aligned-11-16/xznj/416.png
19,aligned-11-16/xznj/331.png
19,aligned-11-16/xznj/297.png
19,aligned-11-16/xznj/285.png
19,aligned-11-16/xznj/216.png
19,aligned-11-16/xznj/094.png
19,aligned-11-16/xznj/295.png
19,aligned-11-16/xznj/034.png
19,aligned-11-16/xznj/048.png
19,aligned-11-16/xznj/041.png
19,aligned-11-16/xznj/141.png
19,aligned-11-16/xznj/032.png
19,aligned-11-16/xznj/255.png
19,aligned-11-16/xznj/197.png
19,aligned-11-16/xznj/421.png
19,aligned-11-16/xznj/361.png
19,aligned-11-16/xznj/189.png
19,aligned-11-16/xznj/101.png
19,aligned-11-16/xznj/087.png
19,aligned-11-16/xznj/415.png
19,aligned-11-16/xznj/112.png
19,aligned-11-16/xznj/267.png
19,aligned-11-16/xznj/427.png
19,aligned-11-16/xznj/370.png
19,aligned-11-16/xznj/203.png
19,aligned-11-16/xznj/266.png
19,aligned-11-16/xznj/067.png
19,aligned-11-16/xznj/047.png
19,aligned-11-16/xznj/116.png
19,aligned-11-16/xznj/405.png
19,aligned-11-16/xznj/325.png
19,aligned-11-16/xznj/207.png
19,aligned-11-16/xznj/235.png
19,aligned-11-16/xznj/131.png
19,aligned-11-16/xznj/259.png
19,aligned-11-16/xznj/007.png
19,aligned-11-16/xznj/016.png
19,aligned-11-16/xznj/409.png
19,aligned-11-16/xznj/238.png
19,aligned-11-16/xznj/281.png
19,aligned-11-16/xznj/406.png
19,aligned-11-16/xznj/244.png
19,aligned-11-16/xznj/042.png
19,aligned-11-16/xznj/144.png
19,aligned-11-16/xznj/343.png
19,aligned-11-16/xznj/037.png
19,aligned-11-16/xznj/036.png
19,aligned-11-16/xznj/223.png
19,aligned-11-16/xznj/348.png
19,aligned-11-16/xznj/245.png
19,aligned-11-16/xznj/082.png
19,aligned-11-16/xznj/429.png
19,aligned-11-16/xznj/005.png
19,aligned-11-16/xznj/433.png
19,aligned-11-16/xznj/123.png
19,aligned-11-16/xznj/219.png
19,aligned-11-16/xznj/439.png
19,aligned-11-16/xznj/310.png
19,aligned-11-16/xznj/181.png
19,aligned-11-16/xznj/374.png
19,aligned-11-16/xznj/275.png
19,aligned-11-16/xznj/411.png
19,aligned-11-16/xznj/276.png
19,aligned-11-16/xznj/070.png
19,aligned-11-16/xznj/280.png
19,aligned-11-16/xznj/148.png
19,aligned-11-16/xznj/334.png
19,aligned-11-16/xznj/198.png
19,aligned-11-16/xznj/177.png
19,aligned-11-16/xznj/085.png
19,aligned-11-16/xznj/188.png
19,aligned-11-16/xznj/001.png
19,aligned-11-16/xznj/078.png
19,aligned-11-16/xznj/249.png
19,aligned-11-16/xznj/050.png
19,aligned-11-16/xznj/449.png
19,aligned-11-16/xznj/206.png
19,aligned-11-16/xznj/287.png
19,aligned-11-16/xznj/319.png
19,aligned-11-16/xznj/115.png
19,aligned-11-16/xznj/076.png
19,aligned-11-16/xznj/134.png
19,aligned-11-16/xznj/270.png
19,aligned-11-16/xznj/147.png
19,aligned-11-16/xznj/265.png
19,aligned-11-16/xznj/104.png
19,aligned-11-16/xznj/234.png
19,aligned-11-16/xznj/254.png
19,aligned-11-16/xznj/157.png
19,aligned-11-16/xznj/079.png
19,aligned-11-16/xznj/152.png
19,aligned-11-16/xznj/028.png
19,aligned-11-16/xznj/113.png
19,aligned-11-16/xznj/145.png
19,aligned-11-16/xznj/358.png
19,aligned-11-16/xznj/225.png
19,aligned-11-16/xznj/283.png
19,aligned-11-16/xznj/026.png
19,aligned-11-16/xznj/212.png
19,aligned-11-16/xznj/167.png
19,aligned-11-16/xznj/210.png
19,aligned-11-16/xznj/108.png
19,aligned-11-16/xznj/359.png
19,aligned-11-16/xznj/263.png
19,aligned-11-16/xznj/250.png
19,aligned-11-16/xznj/402.png
19,aligned-11-16/xznj/107.png
19,aligned-11-16/xznj/127.png
19,aligned-11-16/xznj/165.png
19,aligned-11-16/xznj/445.png
19,aligned-11-16/xznj/195.png
19,aligned-11-16/xznj/064.png
19,aligned-11-16/xznj/400.png
19,aligned-11-16/xznj/446.png
19,aligned-11-16/xznj/052.png
19,aligned-11-16/xznj/257.png
19,aligned-11-16/xznj/286.png
19,aligned-11-16/xznj/068.png
19,aligned-11-16/xznj/003.png
19,aligned-11-16/xznj/138.png
19,aligned-11-16/xznj/180.png
19,aligned-11-16/xznj/352.png
19,aligned-11-16/xznj/316.png
19,aligned-11-16/xznj/140.png
19,aligned-11-16/xznj/271.png
19,aligned-11-16/xznj/315.png
19,aligned-11-16/xznj/089.png
19,aligned-11-16/xznj/386.png
19,aligned-11-16/xznj/291.png
19,aligned-11-16/xznj/083.png
19,aligned-11-16/xznj/098.png
19,aligned-11-16/xznj/054.png
19,aligned-11-16/xznj/332.png
19,aligned-11-16/xznj/172.png
19,aligned-11-16/xznj/256.png
19,aligned-11-16/xznj/351.png
19,aligned-11-16/xznj/044.png
19,aligned-11-16/xznj/344.png
19,aligned-11-16/xznj/040.png
19,aligned-11-16/xznj/168.png
19,aligned-11-16/xznj/317.png
19,aligned-11-16/xznj/307.png
19,aligned-11-16/xznj/072.png
19,aligned-11-16/xznj/081.png
19,aligned-11-16/xznj/135.png
19,aligned-11-16/xznj/170.png
19,aligned-11-16/xznj/435.png
19,aligned-11-16/xznj/407.png
19,aligned-11-16/xznj/340.png
19,aligned-11-16/xznj/241.png
19,aligned-11-16/xznj/453.png
19,aligned-11-16/xznj/137.png
19,aligned-11-16/xznj/246.png
19,aligned-11-16/xznj/377.png
19,aligned-11-16/xznj/410.png
19,aligned-11-16/xznj/019.png
19,aligned-11-16/xznj/213.png
19,aligned-11-16/xznj/426.png
19,aligned-11-16/xznj/080.png
19,aligned-11-16/xznj/394.png
19,aligned-11-16/xznj/300.png
19,aligned-11-16/xznj/273.png
19,aligned-11-16/xznj/345.png
19,aligned-11-16/xznj/009.png
19,aligned-11-16/xznj/432.png
19,aligned-11-16/xznj/260.png
19,aligned-11-16/xznj/298.png
19,aligned-11-16/xznj/274.png
19,aligned-11-16/xznj/130.png
19,aligned-11-16/xznj/179.png
19,aligned-11-16/xznj/338.png
19,aligned-11-16/xznj/161.png
19,aligned-11-16/xznj/233.png
19,aligned-11-16/xznj/208.png
19,aligned-11-16/xznj/073.png
19,aligned-11-16/xznj/357.png
19,aligned-11-16/xznj/023.png
19,aligned-11-16/xznj/012.png
19,aligned-11-16/xznj/031.png
19,aligned-11-16/xznj/428.png
19,aligned-11-16/xznj/171.png
19,aligned-11-16/xznj/355.png
19,aligned-11-16/xznj/109.png
19,aligned-11-16/xznj/268.png
19,aligned-11-16/xznj/119.png
19,aligned-11-16/xznj/021.png
19,aligned-11-16/xznj/396.png
19,aligned-11-16/xznj/365.png
19,aligned-11-16/xznj/412.png
19,aligned-11-16/xznj/417.png
19,aligned-11-16/xznj/438.png
19,aligned-11-16/xznj/202.png
19,aligned-11-16/xznj/362.png
19,aligned-11-16/xznj/196.png
19,aligned-11-16/xznj/314.png
19,aligned-11-16/xznj/252.png
19,aligned-11-16/xznj/103.png
19,aligned-11-16/xznj/017.png
19,aligned-11-16/xznj/304.png
19,aligned-11-16/xznj/440.png
19,aligned-11-16/xznj/335.png
19,aligned-11-16/xznj/146.png
19,aligned-11-16/xznj/367.png
19,aligned-11-16/xznj/205.png
19,aligned-11-16/xznj/289.png
19,aligned-11-16/xznj/284.png
19,aligned-11-16/xznj/222.png
19,aligned-11-16/xznj/220.png
19,aligned-11-16/xznj/190.png
19,aligned-11-16/xznj/125.png
19,aligned-11-16/xznj/279.png
19,aligned-11-16/xznj/261.png
19,aligned-11-16/xznj/373.png
19,aligned-11-16/xznj/106.png
19,aligned-11-16/xznj/430.png
19,aligned-11-16/xznj/091.png
19,aligned-11-16/xznj/236.png
19,aligned-11-16/xznj/086.png
19,aligned-11-16/xznj/388.png
19,aligned-11-16/xznj/242.png
19,aligned-11-16/xznj/224.png
19,aligned-11-16/xznj/204.png
19,aligned-11-16/xznj/277.png
19,aligned-11-16/xznj/231.png
19,aligned-11-16/xznj/117.png
19,aligned-11-16/xznj/322.png
19,aligned-11-16/xznj/454.png
19,aligned-11-16/xznj/228.png
19,aligned-11-16/xznj/221.png
19,aligned-11-16/xznj/294.png
19,aligned-11-16/xznj/043.png
19,aligned-11-16/xznj/227.png
19,aligned-11-16/xznj/126.png
19,aligned-11-16/xznj/191.png
19,aligned-11-16/xznj/088.png
19,aligned-11-16/xznj/035.png
19,aligned-11-16/xznj/183.png
19,aligned-11-16/xznj/229.png
19,aligned-11-16/xznj/382.png
19,aligned-11-16/xznj/248.png
19,aligned-11-16/xznj/423.png
20,aligned-11-16/xzmjt/157.png
20,aligned-11-16/xzmjt/185.png
20,aligned-11-16/xzmjt/206.png
20,aligned-11-16/xzmjt/397.png
20,aligned-11-16/xzmjt/425.png
20,aligned-11-16/xzmjt/407.png
20,aligned-11-16/xzmjt/406.png
20,aligned-11-16/xzmjt/350.png
20,aligned-11-16/xzmjt/085.png
20,aligned-11-16/xzmjt/042.png
20,aligned-11-16/xzmjt/029.png
20,aligned-11-16/xzmjt/244.png
20,aligned-11-16/xzmjt/415.png
20,aligned-11-16/xzmjt/316.png
20,aligned-11-16/xzmjt/367.png
20,aligned-11-16/xzmjt/386.png
20,aligned-11-16/xzmjt/245.png
20,aligned-11-16/xzmjt/290.png
20,aligned-11-16/xzmjt/147.png
20,aligned-11-16/xzmjt/102.png
20,aligned-11-16/xzmjt/177.png
20,aligned-11-16/xzmjt/232.png
20,aligned-11-16/xzmjt/020.png
20,aligned-11-16/xzmjt/194.png
20,aligned-11-16/xzmjt/065.png
20,aligned-11-16/xzmjt/408.png
20,aligned-11-16/xzmjt/034.png
20,aligned-11-16/xzmjt/416.png
20,aligned-11-16/xzmjt/005.png
20,aligned-11-16/xzmjt/080.png
20,aligned-11-16/xzmjt/186.png
20,aligned-11-16/xzmjt/021.png
20,aligned-11-16/xzmjt/422.png
20,aligned-11-16/xzmjt/287.png
20,aligned-11-16/xzmjt/227.png
20,aligned-11-16/xzmjt/369.png
20,aligned-11-16/xzmjt/009.png
20,aligned-11-16/xzmjt/370.png
20,aligned-11-16/xzmjt/007.png
20,aligned-11-16/xzmjt/092.png
20,aligned-11-16/xzmjt/148.png
20,aligned-11-16/xzmjt/336.png
20,aligned-11-16/xzmjt/382.png
20,aligned-11-16/xzmjt/178.png
20,aligned-11-16/xzmjt/149.png
20,aligned-11-16/xzmjt/126.png
20,aligned-11-16/xzmjt/272.png
20,aligned-11-16/xzmjt/265.png
20,aligned-11-16/xzmjt/130.png
20,aligned-11-16/xzmjt/277.png
20,aligned-11-16/xzmjt/124.png
20,aligned-11-16/xzmjt/360.png
20,aligned-11-16/xzmjt/403.png
20,aligned-11-16/xzmjt/104.png
20,aligned-11-16/xzmjt/180.png
20,aligned-11-16/xzmjt/421.png
20,aligned-11-16/xzmjt/315.png
20,aligned-11-16/xzmjt/303.png
20,aligned-11-16/xzmjt/200.png
20,aligned-11-16/xzmjt/387.png
20,aligned-11-16/xzmjt/304.png
20,aligned-11-16/xzmjt/402.png
20,aligned-11-16/xzmjt/266.png
20,aligned-11-16/xzmjt/140.png
20,aligned-11-16/xzmjt/321.png
20,aligned-11-16/xzmjt/154.png
20,aligned-11-16/xzmjt/297.png
20,aligned-11-16/xzmjt/051.png
20,aligned-11-16/xzmjt/049.png
20,aligned-11-16/xzmjt/016.png
20,aligned-11-16/xzmjt/250.png
20,aligned-11-16/xzmjt/136.png
20,aligned-11-16/xzmjt/015.png
20,aligned-11-16/xzmjt/414.png
20,aligned-11-16/xzmjt/010.png
20,aligned-11-16/xzmjt/031.png
20,aligned-11-16/xzmjt/113.png
20,aligned-11-16/xzmjt/058.png
20,aligned-11-16/xzmjt/006.png
20,aligned-11-16/xzmjt/353.png
20,aligned-11-16/xzmjt/409.png
20,aligned-11-16/xzmjt/165.png
20,aligned-11-16/xzmjt/419.png
20,aligned-11-16/xzmjt/068.png
20,aligned-11-16/xzmjt/075.png
20,aligned-11-16/xzmjt/027.png
20,aligned-11-16/xzmjt/146.png
20,aligned-11-16/xzmjt/158.png
20,aligned-11-16/xzmjt/417.png
20,aligned-11-16/xzmjt/025.png
20,aligned-11-16/xzmjt/269.png
20,aligned-11-16/xzmjt/413.png
20,aligned-11-16/xzmjt/223.png
20,aligned-11-16/xzmjt/349.png
20,aligned-11-16/xzmjt/216.png
20,aligned-11-16/xzmjt/108.png
20,aligned-11-16/xzmjt/371.png
20,aligned-11-16/xzmjt/357.png
20,aligned-11-16/xzmjt/420.png
20,aligned-11-16/xzmjt/256.png
20,aligned-11-16/xzmjt/008.png
20,aligned-11-16/xzmjt/215.png
20,aligned-11-16/xzmjt/412.png
20,aligned-11-16/xzmjt/325.png
20,aligned-11-16/xzmjt/167.png
20,aligned-11-16/xzmjt/385.png
20,aligned-11-16/xzmjt/082.png
20,aligned-11-16/xzmjt/255.png
20,aligned-11-16/xzmjt/333.png
20,aligned-11-16/xzmjt/327.png
20,aligned-11-16/xzmjt/305.png
20,aligned-11-16/xzmjt/162.png
20,aligned-11-16/xzmjt/129.png
20,aligned-11-16/xzmjt/101.png
20,aligned-11-16/xzmjt/160.png
20,aligned-11-16/xzmjt/156.png
20,aligned-11-16/xzmjt/074.png
20,aligned-11-16/xzmjt/064.png
20,aligned-11-16/xzmjt/131.png
20,aligned-11-16/xzmjt/211.png
20,aligned-11-16/xzmjt/231.png
20,aligned-11-16/xzmjt/313.png
20,aligned-11-16/xzmjt/079.png
20,aligned-11-16/xzmjt/105.png
20,aligned-11-16/xzmjt/343.png
20,aligned-11-16/xzmjt/241.png
20,aligned-11-16/xzmjt/222.png
20,aligned-11-16/xzmjt/309.png
20,aligned-11-16/xzmjt/119.png
20,aligned-11-16/xzmjt/093.png
20,aligned-11-16/xzmjt/249.png
20,aligned-11-16/xzmjt/375.png
20,aligned-11-16/xzmjt/340.png
20,aligned-11-16/xzmjt/285.png
20,aligned-11-16/xzmjt/030.png
20,aligned-11-16/xzmjt/257.png
20,aligned-11-16/xzmjt/089.png
20,aligned-11-16/xzmjt/359.png
20,aligned-11-16/xzmjt/187.png
20,aligned-11-16/xzmjt/240.png
20,aligned-11-16/xzmjt/276.png
20,aligned-11-16/xzmjt/106.png
20,aligned-11-16/xzmjt/069.png
20,aligned-11-16/xzmjt/137.png
20,aligned-11-16/xzmjt/242.png
20,aligned-11-16/xzmjt/150.png
20,aligned-11-16/xzmjt/335.png
20,aligned-11-16/xzmjt/037.png
20,aligned-11-16/xzmjt/286.png
20,aligned-11-16/xzmjt/142.png
20,aligned-11-16/xzmjt/298.png
20,aligned-11-16/xzmjt/083.png
20,aligned-11-16/xzmjt/275.png
20,aligned-11-16/xzmjt/301.png
20,aligned-11-16/xzmjt/011.png
20,aligned-11-16/xzmjt/091.png
20,aligned-11-16/xzmjt/188.png
20,aligned-11-16/xzmjt/164.png
20,aligned-11-16/xzmjt/236.png
20,aligned-11-16/xzmjt/116.png
20,aligned-11-16/xzmjt/331.png
20,aligned-11-16/xzmjt/055.png
20,aligned-11-16/xzmjt/205.png
20,aligned-11-16/xzmjt/199.png
20,aligned-11-16/xzmjt/071.png
20,aligned-11-16/xzmjt/401.png
20,aligned-11-16/xzmjt/383.png
20,aligned-11-16/xzmjt/384.png
20,aligned-11-16/xzmjt/179.png
20,aligned-11-16/xzmjt/282.png
20,aligned-11-16/xzmjt/062.png
20,aligned-11-16/xzmjt/330.png
20,aligned-11-16/xzmjt/399.png
20,aligned-11-16/xzmjt/228.png
20,aligned-11-16/xzmjt/184.png
20,aligned-11-16/xzmjt/261.png
20,aligned-11-16/xzmjt/317.png
20,aligned-11-16/xzmjt/045.png
20,aligned-11-16/xzmjt/022.png
20,aligned-11-16/xzmjt/195.png
20,aligned-11-16/xzmjt/379.png
20,aligned-11-16/xzmjt/103.png
20,aligned-11-16/xzmjt/291.png
20,aligned-11-16/xzmjt/059.png
20,aligned-11-16/xzmjt/153.png
20,aligned-11-16/xzmjt/295.png
20,aligned-11-16/xzmjt/389.png
20,aligned-11-16/xzmjt/398.png
20,aligned-11-16/xzmjt/035.png
20,aligned-11-16/xzmjt/410.png
20,aligned-11-16/xzmjt/141.png
20,aligned-11-16/xzmjt/411.png
20,aligned-11-16/xzmjt/318.png
20,aligned-11-16/xzmjt/171.png
20,aligned-11-16/xzmjt/084.png
20,aligned-11-16/xzmjt/002.png
20,aligned-11-16/xzmjt/198.png
20,aligned-11-16/xzmjt/174.png
20,aligned-11-16/xzmjt/207.png
20,aligned-11-16/xzmjt/151.png
20,aligned-11-16/xzmjt/394.png
20,aligned-11-16/xzmjt/273.png
20,aligned-11-16/xzmjt/289.png
20,aligned-11-16/xzmjt/267.png
20,aligned-11-16/xzmjt/087.png
20,aligned-11-16/xzmjt/395.png
20,aligned-11-16/xzmjt/125.png
20,aligned-11-16/xzmjt/013.png
20,aligned-11-16/xzmjt/283.png
20,aligned-11-16/xzmjt/208.png
20,aligned-11-16/xzmjt/264.png
20,aligned-11-16/xzmjt/134.png
20,aligned-11-16/xzmjt/234.png
20,aligned-11-16/xzmjt/041.png
20,aligned-11-16/xzmjt/376.png
20,aligned-11-16/xzmjt/372.png
20,aligned-11-16/xzmjt/405.png
20,aligned-11-16/xzmjt/155.png
20,aligned-11-16/xzmjt/054.png
20,aligned-11-16/xzmjt/070.png
20,aligned-11-16/xzmjt/380.png
20,aligned-11-16/xzmjt/344.png
20,aligned-11-16/xzmjt/391.png
20,aligned-11-16/xzmjt/019.png
20,aligned-11-16/xzmjt/424.png
20,aligned-11-16/xzmjt/036.png
20,aligned-11-16/xzmjt/076.png
20,aligned-11-16/xzmjt/374.png
20,aligned-11-16/xzmjt/418.png
20,aligned-11-16/xzmjt/048.png
20,aligned-11-16/xzmjt/278.png
20,aligned-11-16/xzmjt/427.png
20,aligned-11-16/xzmjt/294.png
20,aligned-11-16/xzmjt/040.png
20,aligned-11-16/xzmjt/189.png
20,aligned-11-16/xzmjt/238.png
20,aligned-11-16/xzmjt/166.png
20,aligned-11-16/xzmjt/270.png
20,aligned-11-16/xzmjt/388.png
20,aligned-11-16/xzmjt/038.png
20,aligned-11-16/xzmjt/122.png
20,aligned-11-16/xzmjt/047.png
20,aligned-11-16/xzmjt/373.png
20,aligned-11-16/xzmjt/117.png
20,aligned-11-16/xzmjt/279.png
20,aligned-11-16/xzmjt/017.png
20,aligned-11-16/xzmjt/044.png
20,aligned-11-16/xzmjt/060.png
20,aligned-11-16/xzmjt/260.png
20,aligned-11-16/xzmjt/072.png
20,aligned-11-16/xzmjt/393.png
20,aligned-11-16/xzmjt/248.png
20,aligned-11-16/xzmjt/226.png
20,aligned-11-16/xzmjt/302.png
20,aligned-11-16/xzmjt/127.png
20,aligned-11-16/xzmjt/348.png
20,aligned-11-16/xzmjt/053.png
20,aligned-11-16/xzmjt/254.png
20,aligned-11-16/xzmjt/050.png
20,aligned-11-16/xzmjt/023.png
20,aligned-11-16/xzmjt/308.png
20,aligned-11-16/xzmjt/144.png
20,aligned-11-16/xzmjt/003.png
20,aligned-11-16/xzmjt/390.png
20,aligned-11-16/xzmjt/310.png
20,aligned-11-16/xzmjt/221.png
20,aligned-11-16/xzmjt/314.png
20,aligned-11-16/xzmjt/271.png
20,aligned-11-16/xzmjt/324.png
20,aligned-11-16/xzmjt/043.png
20,aligned-11-16/xzmjt/288.png
20,aligned-11-16/xzmjt/338.png
20,aligned-11-16/xzmjt/168.png
20,aligned-11-16/xzmjt/138.png
20,aligned-11-16/xzmjt/120.png
20,aligned-11-16/xzmjt/033.png
20,aligned-11-16/xzmjt/217.png
20,aligned-11-16/xzmjt/107.png
20,aligned-11-16/xzmjt/161.png
20,aligned-11-16/xzmjt/235.png
20,aligned-11-16/xzmjt/219.png
20,aligned-11-16/xzmjt/233.png
20,aligned-11-16/xzmjt/197.png
20,aligned-11-16/xzmjt/326.png
20,aligned-11-16/xzmjt/112.png
20,aligned-11-16/xzmjt/169.png
20,aligned-11-16/xzmjt/299.png
20,aligned-11-16/xzmjt/361.png
20,aligned-11-16/xzmjt/173.png
20,aligned-11-16/xzmjt/428.png
20,aligned-11-16/xzmjt/118.png
20,aligned-11-16/xzmjt/115.png
20,aligned-11-16/xzmjt/365.png
20,aligned-11-16/xzmjt/014.png
20,aligned-11-16/xzmjt/159.png
20,aligned-11-16/xzmjt/212.png
20,aligned-11-16/xzmjt/145.png
20,aligned-11-16/xzmjt/183.png
20,aligned-11-16/xzmjt/312.png
20,aligned-11-16/xzmjt/078.png
20,aligned-11-16/xzmjt/364.png
20,aligned-11-16/xzmjt/262.png
20,aligned-11-16/xzmjt/132.png
20,aligned-11-16/xzmjt/090.png
20,aligned-11-16/xzmjt/423.png
20,aligned-11-16/xzmjt/352.png
20,aligned-11-16/xzmjt/400.png
20,aligned-11-16/xzmjt/114.png
20,aligned-11-16/xzmjt/172.png
20,aligned-11-16/xzmjt/345.png
20,aligned-11-16/xzmjt/032.png
20,aligned-11-16/xzmjt/377.png
20,aligned-11-16/xzmjt/363.png
20,aligned-11-16/xzmjt/203.png
20,aligned-11-16/xzmjt/342.png
20,aligned-11-16/xzmjt/086.png
20,aligned-11-16/xzmjt/110.png
20,aligned-11-16/xzmjt/229.png
20,aligned-11-16/xzmjt/356.png
20,aligned-11-16/xzmjt/307.png
20,aligned-11-16/xzmjt/135.png
20,aligned-11-16/xzmjt/081.png
20,aligned-11-16/xzmjt/220.png
20,aligned-11-16/xzmjt/306.png
20,aligned-11-16/xzmjt/237.png
20,aligned-11-16/xzmjt/362.png
20,aligned-11-16/xzmjt/001.png
20,aligned-11-16/xzmjt/018.png
20,aligned-11-16/xzmjt/281.png
20,aligned-11-16/xzmjt/204.png
20,aligned-11-16/xzmjt/192.png
20,aligned-11-16/xzmjt/378.png
20,aligned-11-16/xzmjt/322.png
20,aligned-11-16/xzmjt/026.png
20,aligned-11-16/xzmjt/066.png
20,aligned-11-16/xzmjt/268.png
20,aligned-11-16/xzmjt/366.png
20,aligned-11-16/xzmjt/218.png
20,aligned-11-16/xzmjt/163.png
20,aligned-11-16/xzmjt/111.png
20,aligned-11-16/xzmjt/100.png
20,aligned-11-16/xzmjt/346.png
20,aligned-11-16/xzmjt/057.png
20,aligned-11-16/xzmjt/170.png
20,aligned-11-16/xzmjt/280.png
20,aligned-11-16/xzmjt/230.png
20,aligned-11-16/xzmjt/109.png
20,aligned-11-16/xzmjt/143.png
20,aligned-11-16/xzmjt/355.png
20,aligned-11-16/xzmjt/381.png
20,aligned-11-16/xzmjt/392.png
20,aligned-11-16/xzmjt/334.png
20,aligned-11-16/xzmjt/176.png
20,aligned-11-16/xzmjt/004.png
20,aligned-11-16/xzmjt/191.png
20,aligned-11-16/xzmjt/341.png
20,aligned-11-16/xzmjt/368.png
20,aligned-11-16/xzmjt/193.png
20,aligned-11-16/xzmjt/396.png
20,aligned-11-16/xzmjt/046.png
20,aligned-11-16/xzmjt/252.png
20,aligned-11-16/xzmjt/274.png
20,aligned-11-16/xzmjt/012.png
20,aligned-11-16/xzmjt/175.png
20,aligned-11-16/xzmjt/224.png
20,aligned-11-16/xzmjt/028.png
20,aligned-11-16/xzmjt/024.png
20,aligned-11-16/xzmjt/039.png
20,aligned-11-16/xzmjt/056.png
20,aligned-11-16/xzmjt/296.png
20,aligned-11-16/xzmjt/329.png
20,aligned-11-16/xzmjt/121.png
20,aligned-11-16/xzmjt/323.png
20,aligned-11-16/xzmjt/225.png
20,aligned-11-16/xzmjt/088.png
20,aligned-11-16/xzmjt/243.png
20,aligned-11-16/xzmjt/284.png
20,aligned-11-16/xzmjt/426.png
20,aligned-11-16/xzmjt/063.png
20,aligned-11-16/xzmjt/246.png
20,aligned-11-16/xzmjt/292.png
20,aligned-11-16/xzmjt/319.png
20,aligned-11-16/xzmjt/067.png
20,aligned-11-16/xzmjt/181.png
20,aligned-11-16/xzmjt/347.png
20,aligned-11-16/xzmjt/182.png
20,aligned-11-16/xzmjt/239.png
20,aligned-11-16/xzmjt/202.png
20,aligned-11-16/xzmjt/354.png
20,aligned-11-16/xzmjt/128.png
20,aligned-11-16/xzmjt/351.png
20,aligned-11-16/xzmjt/213.png
20,aligned-11-16/xzmjt/251.png
20,aligned-11-16/xzmjt/139.png
20,aligned-11-16/xzmjt/320.png
20,aligned-11-16/xzmjt/214.png
20,aligned-11-16/xzmjt/358.png
20,aligned-11-16/xzmjt/196.png
20,aligned-11-16/xzmjt/300.png
20,aligned-11-16/xzmjt/259.png
20,aligned-11-16/xzmjt/052.png
20,aligned-11-16/xzmjt/293.png
20,aligned-11-16/xzmjt/073.png
20,aligned-11-16/xzmjt/123.png
20,aligned-11-16/xzmjt/339.png
20,aligned-11-16/xzmjt/328.png
20,aligned-11-16/xzmjt/311.png
20,aligned-11-16/xzmjt/077.png
20,aligned-11-16/xzmjt/209.png
20,aligned-11-16/xzmjt/152.png
20,aligned-11-16/xzmjt/247.png
